,PC1,PC2,PC3,PC4,PC5,PC6,PC7,PC8,PC9,PC10,PC11,PC12,PC13,PC14,PC15,PC16,PC17,PC18,PC19,PC20,PC21,PC22,PC23,PC24,PC25,PC26,PC27,PC28,PC29,PC30,PC31,PC32,PC33,PC34,PC35
LogS,0.12297975750025611,0.2198793340731822,-0.09411564405894998,-0.05299034804565344,0.031679743061912395,-0.04239405588294126,0.04892690482672533,-0.09569888114238012,-0.022227709037947428,-0.05534607233502161,-0.06471187667540271,0.05960752380699126,0.04503983790659868,0.023010552768025792,0.009999157744707934,-0.011722404682989952,0.10406081599306409,-0.03277072601472307,0.05034899823566096,-0.06061944394769674,-0.022229042691056335,-0.032391183651331416,-0.006051939260638861,0.007961559294670175,0.08269962904441559,0.025561789401731705,0.06737609652374615,0.08964025019667234,0.07070145866331162,-0.11076813458706976,0.012748551809126601,-0.1329350640522953,-0.028768618511039384,-0.02241750910088633,0.12048822825065533
LogD,-0.1483284756825496,-0.20920707830568264,0.0847743890097962,0.034337549000244924,0.006272368526935492,-0.03287570371385212,-0.0002983047726658472,0.07533112011459889,0.07993434712249493,0.0676927229190633,0.038211859002756865,0.03843877888516991,-0.010971105845303615,-0.024987387058747344,-0.03012525729566799,0.005219209727576902,0.07835790977101535,0.03899360255439613,-0.024652942437996317,0.054481909363814286,0.03750563780861375,-0.020733333534006155,0.043274995043031894,0.08211046429344078,0.06008415719209574,0.1181876168105239,0.0875805397761365,-0.07648098566040064,-0.06449775200625504,-0.024715319452774994,-0.018674620941772066,0.0075031312883975,0.07569591931078301,-0.01848833534109806,-0.03328393956322824
LogP,-0.132773122491326,-0.18965662650315984,0.060777304624265505,0.1339257997952174,0.053389805822098124,-0.05853634297218119,-0.030303293923620023,0.17211179483434963,0.06438620303469647,0.017058235477856218,0.03760126766172281,0.012827592502991994,-0.031765115927250724,0.03282635647289062,-0.07557295184075825,-0.01087243674671012,1.3328413784874371e-06,0.01898149664311001,-0.03866066986761252,0.08738131922091653,0.029005916386229902,-0.03178227217307743,0.0485088961527149,0.07460620473745135,0.1231181852168852,0.056261029564033435,0.01463078710385644,-0.0598551550892132,-0.06399634963175975,-0.0040413403891700755,-0.05073517479890739,-0.06521489434492635,0.042057885572352315,-0.05431591729714026,0.03283686091625155
Pgp-inh,-0.053511976395816646,-0.1759534687147306,0.08605762217668755,-0.1884401010170582,0.0249019053287923,-0.05247893211335,-0.15366848538080072,0.00833607338114234,0.007661556572818348,0.0016242906336995377,0.1096943370308571,-0.0036444856525306712,-0.002633461975892787,0.10441644488263416,0.02114332449774064,-0.1343222206160556,-0.027095819149525774,0.06575276643575122,0.21571675819188713,0.11835637686650502,-0.12204565279802411,0.04731841863598456,0.19659690208674951,0.14651416202872194,-0.07580451556508576,-0.05742734122512072,0.010019746203443744,0.05752277101241031,0.011150879345796547,-0.09929225335273731,0.01004659559036573,0.23543600867154924,0.12335913238988422,-0.16218734040775978,0.020575642270744737
Pgp-sub,0.17371279008514062,0.02256111607754782,-0.04184115760314011,-0.03406731973346755,-0.022437857928879423,0.05038288722590179,-0.09970926381110748,-0.16364081802135827,0.019809875966839585,0.07930154033534237,0.023466987983736642,0.024210142343766103,-0.007755611499439388,-0.11784292583918396,-0.05912844052258877,-0.010049578695640517,-0.04621879699153392,-0.2587641077586625,-0.047527922903680186,-0.004159856752359414,0.010336884416385993,0.10491752817449312,0.1847617718803691,-0.051666590451658,-0.028115564072968224,-0.12656684776909916,0.020433366404089548,-0.1794803031727945,-0.12549462013729307,-0.2035773058138951,-0.014593983000028607,-0.10386086155900197,0.24812061099516997,-0.005139498502703413,0.11997314279048688
HIA,0.15908309126738412,0.12356317488684174,-0.0348336396079062,-0.08584059990310303,-0.015849772041808888,0.06313516462621521,0.030297887733259476,0.05875894756499167,-0.014306703866384843,-0.123752922392829,0.21794190817944634,-0.0008440890353966779,-0.022734333791195868,0.06731231759291728,-0.14956675083018858,0.07938111355571367,0.026820807036255695,0.08463188817219836,-0.05416799003629277,-0.027544466734507222,-0.010910877011179543,-0.0875777384405404,-0.1886118740420866,-0.02949219541560174,0.0461589832917646,0.07172960586393362,0.015513525145023174,0.021807735989050475,-0.14638915861831722,0.022661043777377127,0.025574545972899137,0.024832370235028406,0.06187974960998264,-0.06269169100164658,-0.19759718381544245
F(20),0.14132706411516793,0.035786315550441004,0.026760161684700245,-0.16793472265072845,0.004733794091974497,0.08703586931916546,-0.0820712079915732,0.12200434507446314,0.020323171921876687,-0.15692821049239997,0.19159201377578997,0.027451897723091756,-0.12431765940669792,0.06643366519171667,-0.0791702923727636,-0.0003754742035919842,-0.06882249392324566,0.10360363553455473,0.02262197478260148,-0.04129803129949661,-0.05165289970398563,-0.1378840724265503,-0.22042026569801704,0.07002272814941733,-0.03613288545075515,0.08870893167780754,0.026125678110745683,-0.14790802003839015,-0.07710105000947459,-0.11361225237780967,-0.11221482339027233,0.10839799000565603,0.14057525667581633,0.04648758386021715,0.08580492954197354
F(30),0.15306047723907187,0.03139065728391576,0.02966412191259643,-0.1590767540778949,0.007525593106634226,0.053719338496185355,-0.05688337959085549,0.10360549634493621,-0.010763780796333292,-0.14004977593386986,0.2619240137820358,0.047950391818861515,-0.06189833635290342,0.07663985702121727,-0.06283365731667334,0.047962303950019713,0.027293870066651515,0.09369827400097154,-0.024770936339947036,-0.0440447473546344,-0.030564344983478625,-0.07053069971166848,-0.16743754112174491,0.03306489342919956,-0.004362264588196385,0.034100596451127,-0.012793412127996463,-0.1367794064288882,-0.1785840535485922,-0.06954958445791384,0.001578231406839447,-0.007968679027269374,-0.06389176149843363,0.09496770176293137,-0.059456099720216427
Caco-2,-0.14177138416311355,-0.19953810401559785,-0.009100678141876303,-0.029698748437106348,0.03126701001393539,-0.023710555303142145,-0.05356829775677374,0.11198049744553397,0.0004476247077348505,-0.11051856962946066,-0.004481397882938998,-0.05881679591345185,-0.002022147066030794,-0.048698606984294374,0.12347212009386009,0.017236157180133042,-0.09513500839504646,0.10685611343751897,0.078404425875912,0.02634364885565313,-0.028907046724927752,-0.17349992597574215,-0.03644706678382459,0.04147503543380618,0.10674808558537352,-0.011043844755258637,-0.009094447733107927,0.10320788938396085,-0.06971192994300322,-0.01844948629620996,0.0315201215865572,0.0727543194372679,0.025139822632627526,0.028246717544176937,-0.08083313022172053
MDCK,-0.057546010287206927,0.10834217241889799,-0.016749854766275826,-0.17308402002755377,-0.05337851236385416,-0.03974090290129492,0.06330972460805084,-0.10933712518295413,-0.06447632841607927,0.16528076423210233,-0.12979975157939255,-0.17910139789776236,-0.22322536264072954,-0.19490878245869664,0.06323733670401577,0.1821863219112719,-0.03961303799381807,0.21641654332274826,0.047999032342191425,0.12252912470623431,-0.04232611969279316,-0.06938799509792765,-0.03423989398128742,-0.09516675916493647,-0.2237376148793882,-0.022884770721142617,0.24120267695720055,0.12188195961669196,-0.012659994703933253,-0.19273487037893738,-0.035589046284816045,0.005080302864411107,0.09946400108238113,0.035670707975158075,0.061805658654591485
BBB,-0.026525233410166753,-0.0875491463880487,-0.20930649967463036,-0.11210970876125868,0.0074400388386077765,-0.04343127893068313,0.11033507767456613,-0.14638323142773824,-0.1474103767736277,0.022235714312374116,0.03870000597333173,-0.20288463074642615,-0.127053523705888,0.04195247147437714,0.014632133431850311,-0.0016821992864771082,-0.14956516994735625,-0.009289974772192663,-0.15301740204570216,-0.20867654529662968,0.06746049774484825,-0.13281785131622906,0.152516175646208,-0.20881657062467174,0.0153830218966612,-0.08783646809179468,-0.08723440448333111,-0.01530822422226047,-0.20908702821415315,0.012134209250596079,0.07436886936451519,0.12517200277203538,0.0020194764585073285,-0.12078628365512355,-0.02171545877561877
PPB,0.011054782885502148,-0.21392873379150384,0.04424890862831777,0.13271800120933785,-0.01757844027107669,0.057553678573713574,0.14131097885439983,0.12289607031845623,0.16614428483705063,0.11422954993119627,-0.032129422584090184,0.05246570950832802,-0.16915835602705942,-0.15615527233472087,0.013597483884141167,0.10301167952290276,0.0741404475687178,-0.036161227301292564,-0.14908423273092392,0.03252029808776638,-0.03402598714138589,-0.04941161756124625,-0.07997610735405974,0.09770964270620242,-0.11289170461192907,-0.029545145309394547,-0.021995486143470397,0.10510890807893992,0.015075264825534646,-0.047203613458214846,-0.028231507627789636,-0.1086297137464099,-0.03755049607724999,-0.17859926506079218,-0.000979535447720753
VDss,-0.042376353412845874,-0.12880305465106345,0.10346110237490597,-0.20016442556703207,0.22305436610339552,-0.012025062158721456,-0.023961740253533065,-0.14546003812144356,-0.08382395933274861,-0.06590007633558323,0.014637639165888616,0.08922999787513855,-0.09063676930278661,-0.11467921493604351,0.0881068423315998,0.15057819578340337,0.04777134513245787,-0.02765872290242425,-0.06820817923111537,-0.04224303848888697,0.02277817696714382,0.04216449399225122,-0.01599627088134777,-0.02119613907448834,0.02874845342732399,-0.027951124060571958,-0.2024947814641403,-0.03691989292857081,-0.02152825164521198,0.0716746718161142,0.007742761308942783,0.008857156811689706,-0.1606255443156141,0.06407733093851373,0.10476946321852706
Fu,-0.06576496595035815,0.18404101273612658,0.02247266391392672,-0.14426759647819498,0.0009825980865078854,-0.13404628822774622,-0.12449995826102622,-0.07719269565526657,-0.19835216813815204,-0.11409293450206909,0.06796121432972513,0.012051101825925448,0.17636223165516504,0.1476354869711412,-0.0050280717622059505,-0.09446134259475333,-0.09240361416059058,0.029482138770402958,0.15040704433873442,0.014296456329778752,-0.020480692892286184,0.007764980463768008,-0.00798392315369504,-0.07484503115298662,0.045247553818318687,0.1147087753855217,0.03269180629935062,-0.06937725969699851,0.06460058845754846,-0.03777023096734082,-0.005652702360577159,0.0370970096353644,-0.06900282316280708,0.14547671371006016,0.08502344634169601
CYP1A2-inh,0.031537783896135874,-0.09976676657635349,-0.07749495109036063,-0.0708806100073639,-0.02680611857280598,0.028333368623091437,-0.04851628862766566,0.11901525010858671,0.026648177709388852,-0.027145037123976867,-0.2231366549637716,-0.2392934736969191,0.07198478036458325,0.04680330932712626,-0.18237229878441777,0.14389825872496448,0.31791740048229666,-0.3070209640545536,0.11809973801230556,0.06759110484364408,0.21529622908900875,-0.187363562987969,-0.2085499868323411,0.05189384992397381,-0.0871676713592488,-0.08027916887626257,-0.06463028962016228,-0.103846956177194,-0.20790887273285172,0.08336462576567653,0.10226477449908028,-0.10910380620879545,-0.07663557099015814,0.04914749423822132,-0.042567616040696137
CYP1A2-sub,0.08334318006228425,0.014154255067270466,-0.13517110982004035,-0.11346699671439091,0.037652594733815825,0.012135722775537199,-0.03897083122292053,0.2616973886612048,-0.043748928990960875,-0.08605874301572314,-0.08150413469769324,0.06993505632424962,-0.04243748344963576,-0.12654926465163627,-0.22934886839376023,0.061332987810947884,-0.23199618581051157,0.03563273788625916,-0.11347030544285723,-0.03107592001440143,0.13673551138726686,0.26339573807132194,0.0780001584490479,0.26011382557275053,0.1223321050689346,0.0411628612432436,0.013666839746181048,0.12382502223215831,-0.008050150328219787,-0.04768343057848129,-0.05105392642140974,-0.07482928265154443,-0.06901531558592408,-0.02162870810820898,-0.09119580783305828
CYP2C19-inh,0.02979017797541621,-0.20022559283214897,-0.18481534519114673,-0.14175929618253114,0.05133047604835389,0.01649555463210646,0.023246158545297782,0.05162014548434288,0.0017381569774544414,0.08455818620759337,-0.01745757297964845,-0.011482021930787845,-0.09085126423077644,0.03855311059358857,-0.1331617293229602,-0.06382467475642653,0.12957020301470273,-0.10376639043199168,0.09998105812416302,-0.002638914333802561,-0.0115096688324417,0.003714388505735522,-0.061567103585594994,-0.07010120345140129,0.11514724256022521,0.11108185613560229,0.09636313831619255,-0.0877058605558613,0.12586785768912098,0.15542223325979376,-0.0709171544322054,0.1948599403245918,-0.16348197197394665,0.04129644371100034,0.2796178645717834
CYP2C19-sub,-0.1204754867694497,-0.18243403771738867,-0.014879505650708022,-0.09807300996348992,-0.03480787804953276,-0.05472930830884626,-0.03653219297777538,0.04696604516131553,-0.0036058293826921606,-0.042979948343781826,0.16339117692436517,0.12039190985259254,-0.16828493627894803,0.047080070791814234,-0.05168321289187554,0.013295171355951013,0.06870492997250394,0.015216595656622842,0.018214476533497254,-0.013183578990413891,0.046774851811014165,0.030618402599022404,-0.04336704564764396,-0.13862346942304465,0.08439522824091143,0.029928249348144254,-0.06207630126790986,0.03830830303134239,0.17801584232183496,0.07874460256414492,0.36456081819103053,-0.2629781114022156,0.015153664790486193,-0.037299803908086834,0.019833060122219665
CYP2C9-inh,-0.02488213184018678,-0.21797248286872226,-0.16579156437837175,0.01760736903117886,-0.11864639670314277,0.04277782236626616,0.012131805978204804,-0.09747845837274678,-0.06161508418776157,0.09838180352581122,-0.09895505547368272,0.053833759063586395,0.03207128458140256,-0.039422760975601545,-0.03542149093192486,-0.12794136940247164,-0.003943419192972239,0.018110282143739484,0.09146965926986492,-0.035468599658535445,-0.07449029751721692,0.018926232470680704,-0.10700128095265823,-0.05649944029462996,0.01756543995642812,0.23841461715197582,0.18103818583976888,-0.06253373865214014,0.027029159957256417,0.020163216145983293,-0.05813581574480738,0.10810931437980431,-0.143236734237229,0.03134482667676256,0.17792461780475904
CYP2C9-sub,-0.06048177194869953,0.03530244779065423,-0.04048767007500039,0.220678544215403,-0.19365394434293792,0.1017156908761863,-0.019378714191947803,-0.006112806636038876,0.06934303282128884,0.0356596451790166,0.10050777861945694,0.0008478482665426612,-0.13365921556036814,0.14549224657549675,-0.12317054575363554,0.022043876990008815,0.01833755189273567,0.2546864176462269,0.07272692857002663,-0.014323564839422986,0.027799576695108782,0.21905085407362035,-0.30955144045731736,-0.06742404121200331,-0.006238361198734083,-0.12273542655676123,-0.14359954063573208,0.019452448030167484,0.07273572116913025,0.014015221409865657,0.01967628273734795,0.030560243627245576,0.11563562740252697,-0.09448428325351743,0.1903371194297569
CYP2D6-inh,-0.10461136270147146,0.02111694441047077,0.06290637618908923,0.14947428776840635,0.026937401490330037,0.008333921034167132,0.06794472386617323,-0.0575940975880119,0.055149412369261186,0.0038258186569148367,0.09287420545550795,-0.18727992070507338,-0.003750798920945708,0.13889920889188934,-0.16476451428750644,0.07157631246807411,-0.26144121576588697,-0.286896819845385,-0.18619955404273802,-0.046114879097299104,0.004349121158435963,-0.3045481524324994,0.10011168439793611,0.1578176161218719,0.20205947651083467,-0.02395381182296294,-0.01586637151502665,0.1445126666771369,0.05321726732592118,-0.061078392238540676,-0.1267157688315143,0.037612144517791296,-0.17377725687911938,-0.0553875629430323,0.0895885388565636
CYP2D6-sub,-0.1041469290783727,-0.0017995967811643373,-0.12129379064452503,0.10452015398253811,0.05367082537611734,-0.17365548844452353,-0.19084685797808693,-0.041394770516518034,-0.02417230816290239,0.07027629656878331,0.08090744666833105,0.06996997371039759,-0.09906736676345601,-0.10953282691979453,-0.17100499227891228,0.05555485987124903,0.042937696001069586,-0.0431684972898525,0.1362324729539467,-0.1482815459011585,0.07737948154771758,0.23249674630030728,-0.08526868351936402,-0.10285270221962484,0.1940612472438631,-0.1003254471563893,0.015122998148180265,-0.2306870117726345,0.033941861461471864,0.03121580323942716,-0.22079941490520666,0.1403068919807322,-0.02975092859056255,-0.04945504491222439,-0.052703492326651946
CYP3A4-inh,-0.04746340237189928,-0.20675571183882072,0.09937986205896374,-0.1757590575273803,0.09591403087150017,-0.02427744629989343,-0.172224545410489,-0.05622308417569624,0.01127756033898869,0.0340585585094377,-0.055129120367223866,-0.03324175721786482,0.11080549996515571,0.03732534443051977,-0.054702919187319815,0.07197032437700998,0.06503070597240701,-0.027718882859630756,0.14445268270545575,0.034679640024561365,-0.0709117937758171,-0.04383752066225627,-0.062330993461643024,0.09153880832043129,-0.010053030927880069,-0.04149065267359763,-0.1469360629368632,-0.053242245893703716,0.03453502912044273,-0.0040415998893316984,0.04783331438586839,0.057106003107878334,0.0034622658818746904,0.01952498253562574,0.10705930905212938
CYP3A4-sub,-0.010924138007258064,-0.1685125707277012,-0.054269444167512934,-0.12821446307282322,0.0030339609230457033,-0.05237616767709935,-0.26424043976960593,0.11757234486158252,0.0202438988628878,-0.16204068542510353,-0.035140751230059816,-0.05748217453136931,0.1048813692760637,0.054492745241585094,0.05881519258959422,0.04214455253553935,0.07165276166440537,-0.06691998585059514,0.05110305782289867,-0.016635558396175643,0.15113076048618523,0.042241678662968574,0.13383880930340358,-0.14463974003482755,0.0559928863836128,-0.0632603942001279,0.22108213232284338,0.2765863254480849,0.12938075144249206,-0.23793623756328303,0.14018796349456245,-0.019647056136354424,-0.03736687857433511,0.020717854988247172,-0.07888473495139176
CL,-0.1535207566409832,-0.049195611690245555,0.045018957600499614,-0.07359855405061146,0.02012897467998834,-0.06217605991753304,-0.004481856740814706,0.018717136251618086,0.012791208450376623,-0.08508666048271142,0.18104403053084256,0.03827935276672852,-0.16494379867612965,-0.06167138632772026,0.11131836173524914,0.09921527900410848,-0.09639228473306401,-0.25532445652194835,0.0007166928603584144,-0.02897211396368586,-0.12473893567231709,-0.06571721979819056,-0.04325039726588861,0.11926682486461747,-0.2150311787974019,-0.20206808051094288,0.05937367327789371,-0.09934702422539538,0.2958537828928707,0.13718362459274738,-0.005940702425760249,0.05117653069465833,-0.005146211690057061,-0.03593646985357046,-0.08028224547835555
T12,0.006686814334569048,0.15015115941732124,-0.030292526598573576,0.16321199652837215,-0.01276205998157639,-0.1172303911641193,0.02938954242556417,0.03729070675899394,0.01010176904655211,-0.04134854804996891,0.05603397544575732,0.29257287974727164,-0.12671297978337104,0.023655287431020244,0.19968638748784118,-0.21568174062320333,-0.09864282657085989,-0.1629799006052558,-0.03649759576210168,0.15037864950790908,0.07744571814925971,-0.09441519983849037,-0.09966977535935181,0.0016919531595920578,0.07485634313690029,-0.18325308562564485,0.052369733124320805,-0.07051428963434868,-0.18388427758139853,0.1417162854218187,0.16697369784435276,0.13092113709842917,0.009316777113831137,0.06144784195008514,-0.0327651077023734
hERG,0.06653682633865321,-0.04301948992785099,-0.08922650386905423,0.14235244047934573,-0.0774164476414435,-0.09569055549881067,-0.13266723312317424,-0.2348581057864138,-0.1363884268342309,-0.02369833022258547,-0.05623909309225045,0.06535667405146757,-0.03928207782544604,-0.12732851852915766,0.11287813463057145,-0.015191941755147598,-0.20561234323482944,-0.045021289501470545,0.16757996307446238,-0.04927257397659304,0.07726392157317892,0.1307787724785182,-0.2053879983738725,0.18303926898524997,-0.19046148058057794,0.08871206281388763,-0.19095320755410958,0.22407586170114951,-0.006460359955249281,0.0316356233924302,-0.11246598763371408,-0.1135722789040847,-0.23014739702715492,0.1143789516543766,-0.1843570640988078
H-HT,0.08643874120457704,0.029709340473262534,-0.13833450764611,-0.010967080629803908,0.1869966635960923,-0.13599468966356104,0.08038204820227028,0.15953739599929884,-0.11702300627019224,-0.06977389802183015,-0.08918070087373026,0.016828038798526054,-0.03407520768886728,-0.08330338272039473,0.228874645522804,0.1532636274060292,0.20173181649284377,0.11089944910710386,0.15542281445727216,-0.11302100843742147,0.0016808694156080217,0.029101798395757827,0.07231485649284089,0.1453908099455246,0.04071277001750903,-0.12947528875426606,0.0543214521178792,-0.09043020436776394,0.06884375557995578,0.15169054087016187,0.09293299661393478,0.09903041864037465,0.06347093505805863,-0.13939295433690768,-0.18407357778499625
DILI,0.08399432281923296,0.00433812440619628,-0.08105838240884375,0.1767974736244925,0.015417609956107421,0.09257586142455143,0.09638000482018257,0.12104246932939873,0.03033171651019491,-0.17189827708403707,-0.0062715166090015475,0.014245368342121721,0.22402359525112714,0.09150322404857004,0.05430747955493309,0.04864966956279149,0.1339528580006373,-0.052156995014142504,-0.2211053418994668,-0.24700606386933832,-0.04458631203357055,0.06755778218598141,-0.005762852521050105,0.08208318272759879,-0.14199453520527777,0.05741636218629603,-0.043469929419449216,0.22591270098043448,0.17795691804520375,-0.008746804361410329,0.1668970347831487,0.38487568400646355,0.18269866293888426,0.15896048556337983,0.06277590263675338
Ames,-0.005697364180570345,-0.06396011013908623,0.014718528194859892,-0.049490476455391785,0.06700416064440846,0.03808488397715183,-0.023091011865607518,-0.14247818844845442,-0.0029339811217105717,0.02595314749139922,-0.1293958053841167,0.025775591628856474,0.32151349503524146,-0.14108403063376657,-0.06031776211344614,0.3542010294358894,-0.2996686588869497,0.11991997376371859,-0.07549596860000085,-0.033002538274443716,-0.3307734514861308,-0.02424743228842286,-0.2500838717679304,-0.05398820663191964,0.2652716526025064,-0.09515857409179491,0.2398241484436276,-0.01968105342462788,-0.08693587643800005,0.1524921473762316,0.12354191212507193,0.06129878961184324,0.031852459294614874,-0.04100095973806185,-0.10439356391107232
ROA,-0.062275450923109564,-0.03912452033298425,-0.005074867388235306,0.1244074607784278,0.10240930190209681,0.04179112371261058,-0.0018244552037184705,-0.157820659676056,-0.08216483395774594,-0.019479336002695677,-0.018300850355122033,0.06772708712232214,0.1279390356411192,0.04915598990544896,-0.12307760706614074,0.039438161962414287,0.07564020429607063,0.3904341231741595,-0.10901969481402035,0.02671053728247605,0.4810475934479266,-0.2652774789246783,0.047050773438517546,0.05504792191298735,0.03144457365896297,-0.03572983026451177,0.08288029483892757,-0.13775747106721686,0.3115127166077019,-0.12482077596857678,-0.06229182568167894,0.01967541676834933,-0.10231311891719841,0.06732466871656381,-0.08457088536575327
FDAMDD,0.05813450139197177,-0.101226207091913,-0.0798595383000807,-0.07425350929768218,-0.02780248223157131,-0.21985042207156572,0.2061511254215259,-0.1105601994203509,-0.12109821305771813,-0.0739872442327516,0.1212576240852037,0.06933019855281186,-0.009610661801610751,-0.05592640594806557,0.011152346595218646,0.053493822317283196,0.06590453317460766,-0.09920001663390432,0.06773166349736426,-0.17690492141332997,0.19415454109777947,0.128672072314865,-0.06147445641794971,0.2186960592719523,-0.04754591954988562,-0.05474605579429365,0.06027858190453622,0.2137375960478624,-0.15347322776791222,-0.05611448814734765,-0.12002892421653402,0.08900999644025685,0.09960249419031916,0.20466690483898156,0.15450707884285478
SkinSen,0.03548413225049466,-0.032694110087935754,-0.05968539339355174,-0.06903521632245746,-0.09893738154516267,0.2960688649958265,-0.004432078997711947,-0.13090597439975538,0.16407844135825242,-0.18186213848243815,0.11557844044174106,0.0620300035109398,0.09936556684862542,-0.11147725516856812,-0.00891604625746141,0.04154291816327357,0.1022813161031472,-0.11339567035618386,0.15836691267626435,0.19907321008213716,-0.10654332779180575,-0.021526909577402782,-0.04857777078015585,-0.13033421684480107,-0.10591488617031711,-0.04293252201179509,-0.09500724099208491,0.03795649867683416,0.17570349686012965,-0.06230046849239575,-0.1459200955013051,0.18966114318164973,-0.07244553033076483,-0.054741688844385364,-0.20868275728697402
Carcinogenicity,0.11139450105829764,-0.004331740344260595,-0.14200071201920947,-0.05469321203776736,0.03154484125623164,0.23782159363510905,0.1117158385746743,-0.15161530615234511,0.08065112550248889,-0.04587301259198107,0.10918958993718916,0.05934292661208085,0.053488286900210284,-0.04350549317007552,0.06946945415482571,0.033061290198575136,-0.04465050678329525,-0.018003730173052263,0.04310793725819621,0.0579076111647989,-0.03962207130032116,0.011073547596171286,0.3291565573029705,0.07223016154805176,0.10705511627157355,-0.07586606852345182,0.09385056943228941,-0.11540351277484354,0.06543425101854711,0.25777684119900895,0.011189511981440591,-0.07120992912972696,0.017475679243827397,0.014661092174601265,0.20294158957232425
EC,-0.045387945873061816,-0.07891144565022921,-0.1782121894020384,-0.11546529195461817,-0.1637718889621336,0.04279410753331902,0.15548319599106789,0.055747771706386964,-0.04840877428528617,-0.10363432928211612,0.016423525788892154,-0.027610834704986216,0.07269800115881048,0.024033529490204472,-0.12279093410418282,-0.007845832407734635,-0.05949984771141559,0.13526286126707432,0.03316171705664355,-0.17604109623548575,-0.18980001620578613,0.10656553101392666,0.22540355051252242,0.27675604529509,-0.12092963422519415,0.11443155062509136,-0.12918605332493982,-0.18247276794472964,0.09792691378001794,0.08925021616583495,-0.07282249123999318,-0.202018075448026,-0.17365066857721856,-0.05689183096252792,-0.10597383004446682
EI,-0.05503669533617303,-0.03868521327570991,-0.2146260641661609,-0.20047392862451302,-0.20508241517125364,0.05987615048965364,0.061291994365587264,-0.07180721954376511,0.044381351076532724,-0.005180885057487878,-0.13511719775936118,-0.04822431151213164,0.01899975022203259,-0.013891522066682139,-0.12163922475247692,-0.021998667094964692,-0.009278421127915833,-0.04237471426532598,-0.030869230253473746,0.04563178308926839,0.04454258371434133,-0.060458198866326904,0.025808504725595857,0.010702188899465372,-0.03265066278874128,-0.09130104757464455,-0.05694968696009791,0.039191459206733795,-0.031766572920494146,-0.0706988908071567,-0.0031416030028332473,-0.06113072833430794,0.2267888866512119,0.11436245373469221,-0.1671612293183013
Respiratory,0.11036070014115316,0.0206296685532922,-0.08405600744183958,-0.09130608972536772,0.23675967015974497,0.11425853331531577,0.18589951653166287,-0.05546760273407154,0.035462045869235195,0.016762865195510422,0.0684269083693897,0.11807553710891844,-0.042914930681672986,0.13512186745498764,-0.07893460181724177,0.014922306478550154,-0.030279509105857784,-0.13560530880037105,0.026937751030018497,0.07203670938974902,0.15265035418906606,0.052018965554816055,-0.045997257529134444,-0.1607671631279859,0.03399430279032787,0.032868194841015025,-0.10062482504733003,0.10216095965303905,-0.033189169629829755,-0.12687431433161384,0.005016992012532938,0.057414696673309965,-0.061462228748589115,-0.24915418725361876,-0.08591896457777287
BCF,-0.12197404911080816,-0.20440981557966356,0.0422821393734684,0.041492755500055475,0.00390421721146004,0.07995977403495141,-0.07470367861298319,-0.03156228314648357,-0.01642053261351407,-0.053674885918874975,-0.042240660593284636,-0.05410275756964182,-0.04614296279977233,0.12528237788316032,0.19672552620893086,-0.05403063160999086,0.03180401464085213,-0.09211959854494377,-0.13529765602281263,-0.09411449549700585,-0.03789925862500515,0.056984904528147855,-0.12199426249214557,0.07888890844984323,-0.09987480436064675,-0.0865918030909667,0.22273570871376286,-0.1157135542673385,-0.07902257368711608,-0.14246466504242433,-0.09638758220927171,-0.08132951959836265,0.0072925004580209896,0.06936130800377893,0.0805263393593242
IGC50,0.09382514340481585,-0.10833897461219336,-0.09496569642026126,0.02773491155340224,0.20871491514696813,0.07850896756072072,0.1795748454566709,-0.11961166543925016,-0.0645687115052439,0.042467039207774684,0.00327233788154786,0.1155298029440313,-0.08417521602591328,0.1260700451034557,0.05597428764910924,-0.040311649065990794,0.1475606604475078,-0.029785682421173222,-0.11184347782536518,0.06082844962086646,-0.022261228554691592,0.09739255889612676,-0.06763865873336078,-0.029654389082777816,-0.14468950745719916,-0.0351714689153573,0.34998530638038383,0.012078281975028252,0.03254711755826731,0.03985279684304956,-0.035393006698903245,0.052153270997504046,-0.17037074144864767,-0.05578937832424586,-0.08052699096173867
LC50,0.024588027614048928,-0.19752854122076005,0.027407692123239496,-0.020386480645371668,0.18409751489047382,0.13477874368264497,0.1151500777089618,-0.12226596337044736,0.020480141455447527,0.1131123463661742,-0.07737127619983551,0.21623006660747454,0.0505671070328893,0.020207608006031507,-0.05150972423211266,-0.11738672100006196,-0.029718750692635788,0.020558158683179624,0.10460851789785462,0.07254147358032673,-0.02119823893903471,-0.12102586096412948,-0.10215670165274776,0.09184040312240835,0.003658883000498492,0.04705930689960967,-0.10507061852871105,0.07851653857718274,0.04618573968791143,-0.06077043439756563,-0.0775706623999865,-0.08337169934780819,0.18372312296686683,0.04689330995543733,-0.20272563195356655
LC50DM,0.0954422060369888,-0.19793111988249895,-0.00171912660106638,-0.008371493357122435,0.14884753000421072,0.048384391149321415,0.020034733378893794,-0.041575669001264214,-0.05979817241667128,0.1259450093102635,-0.1169214670527743,0.22943519598903417,-0.012628826595430215,-0.020613560182043314,-0.019222712710486076,-0.11055085857044443,-0.1477260090583849,-0.061607542095472846,0.04112268392245884,-0.0014673724202629718,-0.05135841095983315,-0.05229592055703496,-0.0386455248744933,-0.008564859300280447,0.15376030386446657,-0.053881252055735684,-0.1301493676328002,0.03500575496177053,0.023673015099110725,-0.1316221915654604,0.0715259843103951,-0.1220371591570941,0.17954405471899793,0.08504434791509094,-0.04755941723052505
NR-AR,0.013875106247690146,-0.022965417491395326,-0.08893667018114614,0.022021900823454944,-0.16063078884487836,0.014865516081609754,-0.09799113671291727,-0.11247426661295243,-0.1256992287472324,-0.0342781532773413,-0.10012638174939588,0.10115843830392045,-0.09095544487538482,0.4153120054723608,0.3149443790317863,0.23416562276427316,-0.01645604884787637,-0.08516916980381559,-0.039971238902690255,0.06821659177868229,0.062359476365868305,0.06889619666405773,-0.017958165473193413,0.15368758947899205,0.11897505493930988,0.21350312962441415,0.10171816619276555,-0.14851138494778127,-0.05981430323550843,-0.10604249345939584,-0.19491418948991762,-0.0210384626029367,0.16682514680792745,-0.22747082043132946,-0.11974167016097478
NR-AR-LBD,0.013413566625168951,-0.06104179484069883,-0.19855540382273698,-0.042435841745686924,-0.03331349386893031,-0.1649247305523719,-0.0164144292805998,-0.12764057403313642,-0.06308928460652201,-0.15915388951172704,-0.007802285970970662,0.06106366907922316,0.08407831222516622,0.12048501627293946,0.10562061947007403,-0.1976069797983432,0.16322520146370298,0.17693756346828718,-0.20011399305956784,0.09766829867244689,-0.17396343827468358,-0.17211939191368533,-0.08409264652608485,0.02204017319619425,-0.07568384426244953,-0.24342126695661986,-0.09314767904032412,-0.03901682048580221,-0.104358365775105,0.10765022331422154,-0.028937189728512863,-0.28109265531589744,-0.06298850816354368,0.1239792894486155,0.06426018004142177
NR-AhR,0.033518035879475,-0.039606937019316765,-0.12443890633560849,0.188864398745284,0.025583319852980527,0.09841967507689976,-0.15511832919509966,-0.19499371639973545,0.024384345542105428,0.020300205022777663,0.04100898332720934,-0.10566644122704512,-0.12408193459454932,-0.06598799411514596,-0.15665880387452,-0.060029925480039846,-0.12300225333220566,0.0256408932019205,0.09885414845292029,-0.029598286599895197,0.14385912791307076,-0.042442943885558526,0.06518694454514234,0.20085725463709747,-0.27327458602378735,0.20018830999014903,0.1372943569229063,-0.1024643012388008,-0.12863458280556408,0.09740512384255959,0.4153266533165777,0.0876297210947811,0.07496195479733359,-0.10997337814132162,-0.041249745419866674
NR-Aromatase,0.011298856236056934,0.0037416730049487225,-0.11147726275876822,0.10334953791155461,0.05022652013842048,0.06928937388220487,-0.12210375589529261,-0.20886967768000678,0.0013541276606797742,-0.13171094500326636,0.02767272888179652,-0.1663904953912506,-0.10951044242858066,-0.1958084563843371,0.0007051386534415011,-0.2735612053029683,0.14713524113388884,0.02509291988819498,-0.12169200286913373,0.19290692377803464,-0.18858112239970568,0.06545025323333639,-0.13484671884010235,0.31613976688682166,0.3100840742388534,0.05413919731758857,0.002737060026037963,0.09710570043690595,0.003740112564846465,-0.17508354322208503,0.21610052795637577,0.10062030002223346,-0.07331248517030609,-0.022973076283515248,0.09208529447102409
NR-ER,0.038111893124745784,-0.08946709423218467,-0.10980732036361052,0.07344357280253981,-0.22914665000339796,-0.1077887614144788,0.002723393799668581,0.03458204244123324,0.1055314431050005,0.12660683239592674,0.3038757502986513,0.00786936969750716,-0.04738960276644193,-0.15076041585053093,-0.005133916929602669,0.049859354792330154,0.0275163115507806,-0.028166536801949353,-0.09342023296567759,-0.13061106344647966,0.0475168417686957,0.025315540953691144,-0.06928925080288845,-0.1672160332470631,0.10637302684173196,0.010880032455193367,0.15649961840938242,0.028789753108732413,0.14424176846555517,-0.012663304838642895,0.08115946463129181,-0.13256713024409333,0.0793764152942914,0.1525299549378554,-0.13593833312839076
NR-ER-LBD,0.04795616912337923,-0.00642753785095727,-0.061848783644229965,0.05275426352997495,-0.1615510138005887,0.04288771219344306,-0.1571661539638532,-0.11498363873613103,0.05227714663015199,0.029694646180935928,0.04244470760015697,0.2068165010000115,-0.18737586228990735,0.24796027731023842,0.06565656393737718,0.40165180138795253,0.08535944546559167,-0.024944551813157245,0.08773562796764772,0.056955142076021696,-0.11997313011756287,-0.08463391817669219,0.19740834990010517,-0.02001568991595149,0.12305524790029425,0.22875078606658317,-0.09722885774366974,0.1766419786167186,-0.023669087508845308,0.022303611641310353,0.20489435778222875,-0.06180477681711665,-0.08551676899250507,0.21507765723171612,0.061109748349042634
NR-PPAR-gamma,0.0631314245547102,-0.01920511413980959,-0.11633405790802386,0.15052854941601823,0.08123232015683968,0.13544766671718203,-0.08409833319085895,-0.04065959443212118,0.16313054988063996,0.1424876490136781,0.04151733620071504,0.040153411234850264,-0.17406392297441264,0.04500468048850344,-0.06678623972032346,0.10178783289998629,0.17384303082496835,0.2884070026149555,0.09035598829580614,-0.0049390643430628905,-0.04998205275804343,-0.041833654362499015,0.22459617156522624,0.07881988297939188,0.09076512398576352,-0.2798351178657005,-0.03967315845427237,0.16214367362412552,-0.21091054256620553,0.11338232115181132,-0.21457747612118735,0.06967412259100383,0.04234579489451007,0.10981037995893866,0.005338947529204968
SR-ARE,0.11045442624618954,-0.044953511810061,-0.19154159827631143,0.09961382977780925,0.08396772782455583,0.04630179251379045,-0.08997967847832015,0.12979535643677118,-0.04091820163211594,-0.07525226826075912,0.06264010610747019,-0.138963886073179,-0.09151564281613528,-0.07205136940073822,0.1094538806702994,-0.13039752228052806,-0.13158343500675534,0.03645756356878536,0.10709124769366624,0.13526842077919277,-0.07875819289714672,0.09821399971353509,0.1277204215732321,-0.20653874784466036,-0.008539815099278633,-0.06797621081139937,0.10378612345954158,-0.06689846636339986,0.07636043032668734,-0.1686970461166149,0.028807640527534747,-0.15465260684311727,-0.03511226562929315,0.07405043099269118,-0.12373414301602459
SR-ATAD5,0.043159260392148166,0.026575780959991042,-0.1692887927296407,-0.0018457436431929884,0.1462294514116283,-0.13711139349196044,-0.05753370895618252,0.22752968972054585,0.019989010521648507,0.16260489901491437,-0.025886669224572872,0.05945958274294675,-0.01036272365817725,0.09603275434245763,-0.14613033883198737,0.0029361908657548168,-0.0023307464894985978,-0.024269669494846602,-0.17229088280595356,0.2756769173925994,-0.15564860756074572,0.043735515940766176,0.03685799251541212,0.04530082219577369,-0.09438957861006875,0.15454405307234662,0.16350061591679388,-0.06825048252200368,-0.10086359514438036,0.02885350152173576,-0.033846493663350616,0.11208832451099122,-0.11087933618279316,0.22680144109706607,-0.22341564424351457
SR-HSE,-0.0010121159599259567,0.04440567661571445,-0.17864887016183575,0.07670886713744889,0.10646345250247778,-0.07779646269784006,-0.22712381838975768,-0.1395056475381345,0.18103010315796803,-0.09109831845993037,0.19077625899882267,-0.18865731837643546,0.0828555031500481,-0.035869399633859184,0.08033096226621735,-0.008259893797630393,0.0682839580135375,-0.002348504937138174,-0.09854664573146982,-0.05466638861202183,-0.03352270602426333,-0.15711058102995643,0.0359477304579565,0.025895600084633014,-0.02902448434406623,0.07953323029097979,-0.011260285058561574,-0.012175177869705109,0.007554778063639828,-0.11815117905975049,-0.15739479024820435,-0.06318224057722742,-0.05386338590746742,-0.09029631332039278,-0.08445710761739628
SR-MMP,0.051306878430583555,-0.16023730368424582,-0.07484012470537817,0.03853342323422009,0.19838691516020218,0.004990868758271474,-0.007997826832629661,-0.15018604252847714,-0.017220985564848725,0.07062131575492156,0.012237817149540347,-0.23140907820750573,-0.03480232511279966,0.17639511114531833,0.055721665611552805,0.1546981109200014,-0.10466985220145626,0.06948779683125725,-0.17210153331879505,-0.09718658752389572,-0.043583544867870014,0.18969628743867625,-0.17449196265013334,-0.04388474549208224,-0.061597430077183726,-0.038447399150094264,-0.11039285670795254,-0.03758500826769985,0.1548505426559535,-0.017019591778269255,0.03339738506616891,-0.04892879292267566,0.10269188561574398,0.0034538258865639167,0.002321133526292894
SR-p53,0.054618007549828415,-0.032059671073942884,-0.1738061467258158,0.026092095261513404,0.2479740997843889,-0.12672243310965361,-0.11366319753316319,0.07113528340328207,0.02944922740263511,0.15055288486996918,0.021840048117159734,-0.07075716238882471,-0.053545080815348006,-0.058672187408193174,0.03214778301035907,0.07236811979714829,0.001815322859812338,-0.019787765826099472,-0.18499359723662648,-0.03863843707092448,-0.1131332357008561,-0.03123980747561228,0.060386806600844355,-0.11085716523871303,-0.13544259972260903,0.18124619462838032,-0.330599091200427,-0.1658252691077751,0.05595980379937843,-0.08785760491258772,-0.037125455029779195,0.09133201754934595,0.11311528696127551,0.20628763494860017,0.0564710908654566
MW,0.19425564783691382,-0.12116752678236305,0.1368009649785885,0.04983771922106645,-0.041579422980436515,-0.03055960010113549,-0.02679095976234943,0.00473731545122093,-0.04107657873319383,-0.0038645343566415867,0.010051514365251835,-0.02922637492307302,-0.01696908259871054,0.008171033900885822,0.019736729305509855,-0.03439898660808311,0.042020482970214615,-0.016482962618508578,-0.024810658694637812,-0.03664586976516242,0.010390994042665094,-0.02728920062671377,0.01044154990094336,-0.019176373623548775,0.0433274436927727,0.012420071867247256,0.0397472297003066,-0.02991166940114145,0.038535229181293616,0.0036683037765903896,-0.04958957853588658,-0.009060950299065418,0.0048434623230395185,-0.007249954726121581,-0.03636485719344566
Vol,0.16770054441609455,-0.149523427984839,0.15819412795819793,0.07324205910713155,-0.049981174082580196,-0.07712008209550085,-0.04952297270738771,-0.028995302363122227,-0.0658224717187012,-0.005393235331977495,0.05170983630188975,-0.01407999766629906,-0.011268069340429582,0.01990009525441283,-0.01831209046485358,-0.0368980780308664,0.02901080409922594,-0.0127039497927257,-0.02309877035378293,-0.032571229185960435,0.011810798679378925,-0.027219336477587303,0.03851609230091482,-0.03924603290989619,0.02324146288230759,-0.0030117459973640313,0.024392035601317724,-0.02939009415279281,0.015915807544266147,0.029211885188333005,-0.04466901077762464,0.013773262225483631,-0.019851726028304928,-0.025362492964836343,-0.07453836073180672
Dense,0.16006711177014055,0.08766738675176071,-0.022828416137748334,-0.07645647536278283,0.04596015402801,0.17579215051343702,0.06328698744940718,0.14224439190844124,0.08786764858106037,-0.00036023502965724306,-0.15244544684990802,-0.04631148028471688,-0.01540633875835966,-0.06608750164630989,0.14178309722457116,0.016107244036020155,0.061233891688418245,0.044529730815573536,0.013735744776529724,-0.04504405175345237,-0.03125135665281932,-0.0015174344149306764,-0.08881835316005347,0.10358571196891801,0.049926913858601006,0.09272847581646311,0.0474295628397487,-0.032149716437019527,0.10720550906573605,-0.10809873909237838,-0.011865201886936003,-0.07415072807068213,0.08786442227006733,0.11024864963562271,0.14367690373181863
nHA,0.21657361648934306,-0.01227192646003493,0.08516052139896818,-0.03174061437209147,-0.07704723830059272,0.014078237939349508,0.010135342932114117,0.018804009814266227,-0.003807879288658966,0.06405534646600522,0.03553116158143579,-0.06604977758814569,0.012206227939433276,0.0033002618317230646,0.026110048411271576,-0.012873746038020635,-0.03501751810890077,-0.0016790713983069958,-0.022185061208468616,-0.009922147325935854,-0.011041081380455967,-0.0036547971335299306,-0.010488727728557622,0.06656054399753322,0.02791403173204685,-0.06606765806748897,-0.034085726228304816,-0.13575470886371258,0.10187354441793631,-0.012073733324735016,0.07072638670710167,-0.011593272259524905,-0.0016882614335560348,-0.04348848026819333,0.056901157315617255
nHD,0.13900341172101566,0.10256012263008868,0.012492774605345269,0.0336783514128214,-0.06623012363207849,-0.1400889051503698,-0.01857182643077781,-0.12347826820482641,0.05014768651614061,0.2753982889568027,-0.08021494243167587,-0.08804706059089357,0.08565958050816348,0.052292950814789546,-0.0600029696299842,0.007845085863251805,0.2062420965401852,-0.09159972696181552,0.10201020736416931,-0.053876453702854155,-0.051127708904294515,0.1214516132265098,-0.0085539453122901,0.059382660732040585,0.0868069744903075,-0.023887771517089457,0.002810157437316496,-0.08676635312758751,0.024300515024969715,-0.02589534383341023,0.05647149911743745,-0.02127628287805048,-0.06822664514305632,-0.08042030165307634,-0.136225073681388
TPSA,0.21519989019053237,0.02463643689709803,0.0650682871374019,-0.016753818271655545,-0.06900277669828966,-0.020254165795931325,0.019403503105822447,-0.017712561588980585,0.022334741335835837,0.12779847778054804,-0.005658836311674284,-0.09788756948325435,0.03636770016166523,0.0465068152866368,0.020661828004010556,-0.008277953207945648,0.02495398471980798,0.004742460201957022,0.03337861440953881,-0.024706929256891316,-0.02952387812056645,-0.0026333625276199696,-0.008432963233534834,0.09135246201949818,0.024250966190828713,-0.04513375183843764,-0.04559632435596808,-0.06160868774338286,0.09714249541116618,-0.03678849081033192,0.055246337462894486,-0.025235155162791904,0.022797324983259745,-0.07234518552203476,-0.024196952490651277
nRot,0.1767523260826448,-0.07591488349239896,0.14009447427189237,-0.05668133044810447,-0.09193826495147081,-0.04724595631144954,-0.109959619032031,-0.05337780440095315,0.08669327035283539,0.0936586003992361,0.022842402379551197,0.07303305697531161,0.01856290299203163,0.053407443646886744,0.026771809243413575,-0.09741473107093714,-0.04998399541041188,0.02186596628987136,-0.08249442392833142,-0.1265778863634462,0.0396002054621485,-0.06810782235058023,0.028065095295730563,0.06044466330460305,-0.005745413548354032,-0.05231581335685492,0.056848956766062046,-0.05401008307146095,0.07632743144007957,0.058908918970546384,-0.014356451733470138,0.09791014246791213,-0.04311319346453011,0.07501660620829291,-0.04286791455441746
nRing,0.1273169866766381,-0.16990887752752093,0.07020898639780636,0.1595491607096026,-0.01905232386853641,-0.008713261041564196,0.01673035205576088,0.021055335040618094,-0.2181464313264497,-0.13601477057430028,0.06138195869221369,-0.03169513552601373,0.045247710882973205,-0.07285571038205141,-0.0021140133607723804,0.11338844887264649,-0.0028454995341735084,0.017056334194171578,-0.015583841720329901,0.0700891015847334,-0.006706096527174681,-0.00068260569856376,0.04688376332275231,-0.03950317786444075,-0.005822577408590553,-0.07404645124757801,-0.00907055732572598,-0.036845244166269,-0.09946232731799584,-0.06615853246501803,0.0029137155258028846,-0.010654341963458727,-0.04736283301033627,0.005112341615029277,0.0902879767947597
MaxRing,0.10605132859666526,-0.05627812569993603,-0.057496581672667316,0.1825199979748713,0.09422880896858178,0.0717418594592774,-0.1476036583935644,-0.035833727988032374,-0.04082178368653212,-0.16100396220483718,-0.001571465509539283,0.11785577661132815,0.20584720919258978,-0.04761255124408411,-0.13299087087821038,0.049488464072374574,-0.14789694802931358,-0.08506237848145887,0.07590040355548729,0.0929643978853645,0.15074142912735333,-0.01237166248712749,0.03217859434859224,-0.03845443161258614,-0.1724567479277629,0.04289264221534472,0.08097578168082842,-0.07727519040776393,-0.01397921630795112,0.21633934083962092,-0.039176363239305144,-0.08167842400786153,0.28484265963842753,0.08687361593626516,0.12504994536787534
nHet,0.2207791899977422,-0.0235291802958926,0.07646412983389267,-0.02733346369031028,-0.04640918113346934,0.04811582765917595,0.01135987914099294,0.043273730078582665,0.012011017012697049,0.035126237782100916,-0.023031420031440555,-0.053524666547016826,-0.015204148864345454,-8.548054188319668e-05,0.05498828397593481,-0.023167903455488137,-0.0018696861023972124,-0.02402452065216204,-0.026354048291618665,-0.024571434367651787,0.004221059687677199,-0.006249582267182899,-0.027457462268650715,0.045324944487567714,0.0577143960685791,-0.028357404262540464,0.019938286864258383,-0.0859102198604628,0.09447357282429217,-0.02790959411579965,0.015436282993207734,-0.039958087342319246,0.010585483954323585,-0.0034012234235596874,0.047018525882428
nRig,0.16382189178474393,-0.14582594886855427,0.059882727848442535,0.14902995727450777,-0.029888221911211255,-0.024330597993333966,0.02086356175037405,0.027252824451818595,-0.1807232578379636,-0.07096462913473647,0.06948266563977516,-0.06263045580932732,0.030932052747942553,0.0029572952036870034,-0.018838764674567566,0.026965295788053907,-0.05055485692894754,0.0186763370798432,0.052111047572602355,0.0675198282098005,-0.03593237894754843,-0.0464487385278318,0.025969113336600073,-0.0723707032653169,0.012615562931026721,-0.03905015455849848,-0.01440691507515074,-0.02311780629998668,-0.004392619536550402,-0.051245056363728565,-0.036520261757614324,0.00948603595127153,-0.040135839501222244,-0.07841212615147783,0.021354976968349766
Flex,0.07177965623428798,0.025289301972586158,0.11508228582037125,-0.20361632888387626,-0.07578693118929035,-0.03620430662746749,-0.14481721302931017,-0.09943761322999504,0.20959804341609903,0.23665280228044613,-0.04578693907498514,0.09803287896313696,-0.0011160434882749593,0.005601732411612766,0.0800122428931288,-0.11419861488751731,-0.07016716059176734,0.03785660223311007,-0.14533992435656706,-0.18374935144212767,0.11069094070047236,-0.05848414739148437,0.03793927567987083,0.06970313550731841,0.015230428593159128,-0.02742568851084618,0.09251064360191208,-0.005058952826762199,0.02918462468100618,0.07005726157112559,0.04204852514356819,0.07647727226396893,-0.06819851959657494,0.18649771491233497,-0.0998273052925107
nStereo,-0.07180083622122126,-0.018266042307387608,0.23917472981262872,0.048526106889697405,0.028628863295983218,0.022395219054549897,0.07715090540700979,-0.12927734484883346,-0.12979443762668094,0.0539235209563573,0.169754093825002,-0.012256398903254116,0.1905616132053775,-0.021453235502832763,-0.10008749694166116,-0.044607946906899475,0.2533255960358892,-0.04987920303017704,-0.14507908692754753,0.02186830229797422,-0.0972903393377806,0.24471643407454724,0.1184546138856043,0.020043518447421936,0.05488580599652703,0.11103304232296758,-0.009848028738176293,0.010842896348821948,-0.1603021327761453,-0.09047670794730706,-0.003959090792099943,-0.06274376464963681,0.07580718727863164,0.03194710432804551,-0.12311465414881154
NonBiodegradable,0.06623254556774448,-0.08046574545627623,0.07353476827149104,-0.04251101676801886,0.018261388237944754,-0.07682508997827879,0.015962615744152933,-0.08897882034192689,0.16745050155091878,-0.27381516079102713,-0.18943637610230232,-0.06295655033128462,-0.13042097385366924,-0.14882355671949374,0.08391628657821337,-0.16959136460861746,0.0779877466346143,0.03400383019442802,-0.12197306650985575,-0.05376507086553334,0.06307666587973765,0.02237361148292028,0.00534865498627788,-0.22370678374637615,0.15933227084072682,0.3967048505042835,-0.022569460430106436,0.05563466658063422,-0.000856528900711806,0.3024310674676681,-0.17276709080740424,-0.06028082548815065,0.17815155258202447,-0.07130401362444973,-0.07919781261517463
NonGenotoxic_Carcinogenicity,0.04645827373852288,-0.06060204003974989,0.04584430687287468,0.06957347172795277,-0.018950580020520875,-0.22367881289194652,0.2709241026619128,-0.05249526558200394,0.20284133205431873,-0.08791609830891596,-0.02266026382187582,-0.08029020909845672,-0.005871223975532245,-0.05697212995873927,0.1330821159675054,0.11249446590151128,-0.09337783935573568,0.03846045935315103,0.12447518381294265,0.2125483558084622,0.09169996863796175,0.06749316941098985,0.04862553768229996,0.011342746122630113,0.09718910001181334,0.02683706957220521,-0.17761490760007825,-0.19170803186478041,-0.025365045066404246,-0.13926339880828123,0.06121567945593547,0.20768803637090738,-0.03989908882096148,0.2147931034622081,-0.08196612329944158
SureChEMBL,0.14661251093941524,0.019394018481027786,-0.10883127905506387,-0.03300730950164208,0.11643287971362143,-0.20958820054614044,0.042980526226991785,0.18877884199714956,-0.10387228453155362,0.08772934347321232,-0.0009608896976995625,0.039997299157013985,-0.04956380576276076,0.056050490703402324,-0.015876600436654547,-0.02299917610988358,-0.10845243052099637,-0.0005811437116553936,0.0017636859976239427,0.06497553164380629,0.009274724436298301,-0.09203519018630146,-0.04004165117507037,0.11343481131063794,0.049289499357898774,0.02725468479498767,0.019784000432966423,0.1179357952728355,0.10163066041552758,-0.004706103992401921,0.03033898825538474,-0.12935882718283592,0.05858909096824473,-0.13059721662285853,0.20201574547557094
LD50_oral,0.0037784961102619867,-0.14701723640694997,-0.159056507080204,-0.05465058524814717,-0.16732000457208998,-0.05987350594353472,0.24255824672469534,-0.0071021013081057575,-0.03452179542730561,0.0912881154788849,0.19074819851389985,-0.04340444713936524,0.14957880471042173,-0.0557218044077002,0.08229364094122421,-0.03572603684606602,-0.009650656582273919,-0.02341931528323847,0.10833572756039164,0.08061930246755632,0.0914265446455739,-0.040216890831288585,-0.01935138630902991,0.05126081206882058,0.14855252960450335,0.01478683663042607,0.004480089390630541,-0.03463144402321644,0.009082255340867797,-0.07783313220145573,0.004781519952743389,0.06428425848231635,0.10824713897120627,0.12397698528695471,-0.04521556698772222
Skin_Sensitization,0.108903373733681,-0.05246524094233209,0.004243737165019331,-0.001709318054125758,-0.1568356246045376,-0.13602331411374766,-0.05939481063067883,-0.05934107226617838,-0.012468828242623322,-0.07535081308421901,-0.08984875635018856,0.310613946357158,0.032917813772149855,-0.11310030900412434,-0.23841430641872122,0.11924845784089219,0.06867056158175869,-0.02283126525963758,-0.23527986467317208,0.0963640584117061,-0.12217275913803062,0.015402299740587424,0.048903353110161446,-0.10971439478463724,-0.20248741468506778,-0.038551309981785555,0.019342113719383575,0.026864864458007134,0.029499641483642924,-0.1396828958682425,0.012267265064021218,0.049058071146984586,-0.14193226568252243,-0.08029283904317933,0.0855925515746302
Acute_Aquatic_Toxicity,0.1352796101242197,0.012725237025375218,-0.16516599751752462,0.025714306140278947,-0.0384231590380665,-0.11604699131174069,-0.19864271848538576,-0.0037340030863525497,0.16993546504589438,-0.12834384925651077,-0.13005966562540852,-0.02297736753632455,0.07225476490646854,-0.11489476922619156,0.005758697685570198,0.10775784117871555,0.04297161192136297,-0.05841817020169218,-0.005767795002043351,-0.006505099511080793,0.07083236471224078,-0.010863986092785282,-0.05978262948439085,0.05843945581317135,0.1619749674461047,-0.15725689125563921,-0.012501760724615417,-0.0044306681840804996,-0.005514779415434327,0.03133073993724937,-0.04218834235881112,0.012749366482614509,-0.0030553230096014225,-0.09322043194664076,0.04022272655327419
Toxicophores,0.14481823432619534,-0.012049932092686134,-0.02086787387720363,-0.027278644324000515,0.13322363644411064,-0.2234006942668601,-0.09844304203574228,-0.001132654644060322,0.17750912537611932,0.010609411873507085,0.17665373118343725,0.08920875294830005,0.0930556768911336,0.03599061145568547,-0.004015359410634342,-0.06489693493505265,-0.0021461802720702285,0.011628492862150362,0.06758294703399279,-0.06528218746386416,-0.07126257069576332,0.006592718312619255,-0.003927493240028179,0.005313228702766064,-0.05474484754362548,-0.04225017644784246,-0.020915315700241077,0.19903733394298453,0.017976515857173046,0.018010922555049512,-0.10638550231801554,-0.029199827549035183,0.029443987530142816,-0.20007817101447856,-0.009229397910332351
Genotoxic_Carcinogenicity_Mutagenicity,0.05878699703234889,-0.03361588310501415,-0.08257053548484464,0.0010818369091736546,-0.04741811277034538,-0.08443261721864784,0.1178598615575297,0.026912049087586737,0.21028405650943263,0.1839959713154148,0.2811038815834044,-0.05141564262428047,0.27485662113131343,-0.11305661381088293,0.2095584513112935,0.11590661907292617,-0.03705364603561401,0.021504280977550444,0.04714312614540525,0.1811876889152585,0.07781321645783026,-0.07869882841279532,-0.09145757421031156,0.026059001651502434,-0.11392935738277649,0.19802336280776867,0.04728234550190609,0.043276135048117385,-0.06860052744959147,0.0775279493476584,-0.05797761042564986,-0.1260888315297999,-0.08854189329765624,-0.12571300056974072,0.1629384951006566
QED,-0.20028984729690716,0.011320798469080838,-0.05968125506545267,0.12690571836136624,-0.016585247844561314,0.012810403936494116,0.04892439528357943,0.04920016576534914,0.011499237212129747,-0.10772993366036382,-0.002706077199281332,0.01059482528152954,0.017840249632579384,-0.06489739726159598,0.096621591079473,0.06972762087897572,0.07224727495784475,-0.10619880359313083,-0.004970212700300888,-0.12046822824799286,-0.10704014932836885,0.004193292623204342,0.05535970762315588,-0.007267344781865276,0.02265816236776997,0.009773095017246644,0.04097596777785964,-0.03769898363955181,-0.03510200061450729,0.02243900258189797,-0.0031256619155024257,-0.003258903161260193,0.05925897170345019,0.027086959690653112,-0.08230930827044348
Synth,0.15556834527312968,0.03125636950506079,0.03695568295812607,-0.0900562396577397,0.21729041996944623,0.011500880321718627,0.12897683417576042,-0.14412416467141792,-0.08105494382176047,-0.06369382898901231,0.09970796866814638,-0.12022867071362521,-0.032680372786481685,0.050891405092823375,-0.026350155023478657,0.03169863706938133,0.05337314114588819,0.013449573390993876,-0.0010382568747649527,0.04661796790199736,0.0722657915467603,0.04948363681507749,0.04543078194240001,-0.05763185936892553,0.03980813175581453,0.008947299163439924,0.05143396143101166,0.05619305666744574,-0.014918775426776873,0.10192246923402865,0.13252425046249128,-0.04066534217405207,-0.09186811661550842,0.012792481738349185,-0.07099283846524587
Fsp3,-0.07834863443802755,0.05231645184114477,0.16146842184126056,-0.19067068671124676,0.05167981715356046,0.018105822123911344,0.025377596462212413,-0.12669291418981204,0.009321453776919867,-0.11778062728836056,0.19314083398131215,0.003853090078096953,-0.2075768146704858,-0.19194483796883122,-0.0894611405070937,0.14027320331747953,0.06370556532704576,-0.03164788305638608,-0.07952729814571213,0.04546922298401797,0.08334699462716222,0.07009975989694622,-0.019102314258481412,0.19000240251816522,0.04495577582551273,0.016827026722005436,0.10854896572423481,-0.06626146636085878,0.011791682771469797,0.005898845929996092,-0.008819326884852041,-0.0871058571874154,0.054282365129450436,0.09628394966296032,-0.005721677518858166
MCE-18,0.12947387926715948,-0.13330669361012207,0.16151466518567217,0.13702441525342965,-0.07282725089496905,-0.06029052652238651,0.032968260920141775,0.10290819721568925,-0.15488202751945426,-0.06609871052395982,0.020392982048650907,-0.05923071346627552,0.08385511518737933,-0.033605747956130236,-0.003087649974008142,0.07940496620464921,0.04988039927911861,0.10838043185235535,0.035567613565485365,-0.00022633267296921604,-0.048542662328935726,0.042885677720713375,0.09519931824722769,-0.034913059686241685,-9.41209008153282e-05,-0.03241557264665807,0.023199840734791574,-0.01230757861035369,-0.09225436453665427,-0.0015286177524084024,0.014844208021853364,-0.03966503817127639,-0.04031474247911534,0.05088785311693958,0.031743284428018784
Natural Product-likeness,-0.13266772256559384,0.06717060021564977,0.026805019957591145,-0.018055122693298307,0.11741490645157858,-0.2626003972412172,-0.011891050712522033,-0.10391731828715871,-0.08481407377231182,0.1160300246563768,0.08328000603498502,-0.10988485199000605,0.08488340027544372,0.07046908414473146,-0.12648965496807005,0.011916026892793408,0.09810598551767902,0.023688217162504105,0.06835910032423262,0.08540435954941526,-0.0787958297171784,-0.03027520969781846,-0.021854380918218508,0.04769914395766313,-0.05647300344959219,0.06168643573676215,0.06834979475664563,0.16473124721044424,0.04017581138299349,0.14485987840116843,0.02602735619587397,-0.03216004489383298,0.24668514752568557,-0.03313688909146853,0.006015018180857479
Alarm_NMR,0.04238561105774981,-0.033543982743246235,0.09642637304940148,0.13841261201419014,0.1572331100485311,0.03747445135963523,0.1193139308344061,-0.0018919112931499076,0.22361037455841562,-0.09239854706033311,0.001896660849222835,-0.15149623405591392,-0.07089681703382127,0.219059158401156,-0.13974106212418394,-0.06437955058241507,-0.0793225288463049,-0.08192255887846449,0.30185374017657673,-0.2306154475761642,-0.15259248774291684,0.018563760668475704,-0.043041046494544294,-0.033708463720280635,-0.009126779529456595,-0.04229088911984747,0.19259584781626315,0.06554209263811403,-0.027285433699300317,-0.011276763281702892,-0.06949208179067061,-0.18994627689094395,-0.06299780354810228,0.28632587816872557,-0.058894730965956384
BMS,0.008561031996622788,-0.12521472239278814,0.05549102395594738,-0.18529927139788155,-0.0498700560964963,0.0022993522463675654,-0.08289899453070824,0.012967044351179808,0.2648615048583402,-0.0642183269170023,-0.013920527239894852,-0.13107616456319704,0.09830271461257013,0.19107972577987462,0.052092551175333575,-0.032120681843239574,-0.10708925028187477,0.0867581817230105,-0.17585615538420885,0.19844571088823496,0.17053736632488656,0.33375032621063855,0.017563395067336132,0.02015538056364355,-0.08078832070308026,-0.12933646474564905,0.0035317870198598167,0.073218531573012,-0.10406178990953063,0.1702116319319645,0.008472533362918352,-0.0033502916088441123,0.010765537755045886,-0.0005264301663900767,0.044698576965097395
Chelating,0.06434474649812208,-0.021987761259594823,0.05914915669556238,0.02323918682419563,-0.04460176283733495,-0.2837375224173712,0.12423524691577768,-0.12187151495153875,0.15232096843186319,-0.20914321996444,-0.1364071928245941,0.10236851400261203,-0.11839515515614987,-0.008297698346736892,-0.16908557835870028,0.013890830952077438,0.06253392483688121,0.04437162475165937,0.0728995292293433,-0.1000933370915774,-0.14362913766393182,-0.1928626236860864,0.07913686184523708,0.03467839717552566,-0.07884264641357067,0.03851578744487659,0.1058980891186938,-0.09124949182614234,0.04897621554155458,-0.11413805316108547,-0.004130620890255662,0.0018251037995287546,0.16533710934318063,-0.12073252506090232,0.00819187565345136
PAINS,0.03848695614055551,-0.02376622409156332,0.061660855269687696,0.04292524639561223,-0.010768518890455374,-0.2397781216267056,0.18837381314736018,-0.11238705986387346,0.27583185210082956,-0.18962041918287578,-0.15457226059968487,-0.02610591468952869,-0.07881617844948385,0.14673165775755223,-0.09872521266822887,0.029298456133333154,-0.14770919987528422,0.08344588660542397,0.021229162665297428,0.0972321231664372,-0.014742300474019587,0.12001490910984886,0.006414552463481882,-0.04282927333645083,-0.046876205022800106,-0.007071125683196039,0.0018357275172208726,-0.08936648880637835,-0.009061662528918948,-0.09501651351902075,0.12911799390720294,0.04987911810686271,-0.1206532658812855,-0.008569459383075302,0.05953217535120955
Lipinski,-0.16336037986392882,0.030629802108733294,-0.07372583519236403,-0.011629044201755392,0.165756707481213,0.019150573926127096,0.025866011578039364,-0.004735571322704837,0.164175283411362,-0.04478976899167419,0.011179920462250782,0.15899666890630162,0.1076228229353339,-0.07384328719192221,0.055506374087365896,0.06737635782505669,-0.0039149591824584355,0.044365988135262435,0.0425196923275714,-0.14050494613157896,0.07381496934378914,0.07000422330151866,0.02490869917813312,-0.05734927330845863,0.0006249403057927965,0.031004735570542303,0.07373965998571151,-0.026818353399934283,-0.18843403702443184,-0.2204686055701951,-0.04968344015670212,-0.07111160942359557,-0.06614656063467819,-0.018801717694441604,0.22074231324730662
Pfizer,0.04825802427406472,0.15019898970469533,0.2193698293865798,0.10068366741132859,0.19532955743619393,0.01068164855694654,-0.13236741416420209,0.003217115062291156,0.01909500321481644,-0.012848814915443485,-0.020556255452904126,-0.024870005115755125,-0.05003146498095543,-0.1022578941737297,0.10851740800971038,0.14658270178585892,0.02152327967436096,-0.03192309476337571,0.03843807008215661,0.14042707424071416,0.05695449328040103,0.01927597927664322,0.0009840571954434496,0.06794534216769703,-0.04682679941488878,0.04557894560844465,0.01469388764555913,-0.03125938728425248,0.11956391393709795,0.02140523105192023,-0.031055699379236135,-0.09097704851245043,-0.02179620107187506,0.11154186991754889,0.04297920979066479
GSK,-0.14709742106937126,0.10756323079775361,-0.12052858373532643,0.032991464397308295,-0.0029239646676133286,-0.06851874927321017,0.08983545548805202,-0.04520477540869495,0.0049522819792179925,-0.06490390371577143,0.008626502775099307,-0.01576329462748231,0.01746783157021494,0.13532522500322555,-0.1402107822134343,0.04093598707457753,0.012687800995806573,-0.10007036577735576,-0.09933710654233965,0.2521729324332186,-0.008253796699637495,0.08733647015268953,-0.034964919417691344,0.05440850678767225,0.09411310443300869,-0.11220543846220886,0.020313270599071807,-0.06681721756765513,0.27001251052819963,0.019123752759894266,-0.07656163463214459,-0.08490520405801869,0.16052011753523932,0.10638636233407645,0.012806193451199335
GoldenTriangle,-0.15465255585397172,0.03787975130069445,-0.04606630745459962,0.01785765905177585,0.14251798254573653,0.01408778550070785,0.016328277653562855,0.019567964722226636,0.18844247918283055,0.010172921715506758,0.03872728363839818,0.1804250898939478,0.19344776307160338,0.02623184052346349,0.07482387228259549,-0.022885203075005002,0.037506471315500195,0.044970883469624315,0.03214968543520701,-0.19022789244135102,0.018151964048751607,0.043933027117527224,-0.03724558358344222,0.05384655290845827,-0.027818059514763883,0.006734287903040745,-0.03794042073869477,-0.2080186350136297,-0.07672367274120626,-0.18013009647420128,0.2659247677742598,-0.11362143116478245,-0.05395779372117643,-0.09501265062262584,-0.04074679369435892
