PC1,PC2,PC3,PC4,PC5,PC6,PC7,PC8,PC9,PC10,PC11,PC12,PC13,PC14,PC15,PC16,PC17,PC18,PC19,PC20,PC21,PC22,PC23,PC24,PC25,PC26,PC27,PC28,PC29,PC30,PC31,PC32,PC33,PC34,PC35
1.2300851059099793,-4.103452978372051,5.732474978859496,-2.204941191722489,-0.2843828379151248,-0.03813079752268352,-1.8172866414099422,1.1923878101305398,-1.8198729338454607,-0.9750514154318858,1.702738839093941,-2.94985356257453,1.5240879629600892,1.0977146955398709,-0.060574342697406164,-0.5308360462739009,0.5925973665927617,0.7774401995578699,1.2214371975043286,1.3038906881029675,-1.691899537859272,0.7629575199144751,2.4080751204383257,0.5107541009170378,-0.7085033813315268,-0.4288865767401317,0.46237932062143666,1.142749387502506,0.18329620549846914,-1.5018368704999479,-0.272453957311821,0.7234823950474804,1.0011391879410678,-0.024457943834752523,-0.7941664912991521
3.141255362086917,-0.34044315997861435,-0.30763145493997096,-3.004218386600553,-1.057526984854501,3.0363199908081286,-1.1081224718037712,0.9887103252375801,3.1493040272767185,-1.5649379459268944,-0.758161987306142,1.9844100929604993,0.2947711310336524,-1.3812868981689568,-0.13458459555660993,-0.6603121403876676,-1.43957244404505,-0.1995997707023451,-1.3106601570749565,-0.020956162875253516,1.5721981100020272,0.6265631558212147,0.8470498746966725,-0.1587810794404392,0.6004016093142601,-0.5287519606903798,0.4918298051821523,1.2077400805075422,0.12016251024537482,-1.5430005659665176,0.23309688507317627,-0.8020265965981089,0.6934466875850593,0.5559205318860416,-1.1046343592313952
-1.2475073758143005,1.0949838093618638,2.2539657071187773,1.280724939839309,-1.7452552254486995,-0.1926428042517866,-0.17482051696562081,1.395491227284787,-0.8293993366793658,0.05960905176218031,1.61845190489208,-0.4413042097277845,0.09233880680395495,0.36972041655267107,-0.8140655869734955,-0.13289403215350729,-0.18515054454832036,0.19367208686017826,-0.5510285645099088,-0.8650392010694502,-0.5092888915567191,-0.06805433123605394,-0.49570456345580627,-0.5082261358039287,0.35668584535208653,0.1575292294960907,0.13116502862180224,-1.3745326319720261,-1.1722457734937923,-0.6281563477709649,-0.18663945616970198,0.901741437103692,-0.7422532406830922,-0.009063725771614023,0.5463063814363018
4.130923339840767,2.1434752800237034,-1.47342094167934,-1.664985849435312,0.7276720675727957,-3.5144412770751887,-0.9378148300218955,-0.25435419496911293,-3.305140466396168,-2.2660199932870797,0.5141262269888422,1.8862749589893926,0.005888697961368648,-1.4258041128417855,-0.6107959839644711,0.6234994416938111,-1.424980699447346,-0.6410040254624676,1.857912335305553,-1.6570656023896866,2.140835985913655,1.641135667747174,-1.0476118717962328,1.0881477744730446,0.3972697189990953,-1.0350545378603047,-0.680623570408324,2.6103643666537177,-0.7558469218178028,-0.15821212500100132,-1.2957169987128025,0.25114018951150413,-1.2248935588311465,0.36896477766742336,0.6088005140044204
-2.667467969618585,1.3356728603664219,-4.7732355157760535,3.556157850268795,3.310948430263879,1.1873122996755532,-2.179719176163786,-4.578785499104559,1.259906214410251,-1.200451079368746,2.146263032836049,-4.088568315404165,-1.0194971286801102,-0.5698702177745674,-1.4647925837888915,-0.8196474417096475,-0.4514743765255434,-0.8629943567734017,-0.6811788894384936,0.23733489704375402,0.32973794258037714,-0.46100378444514484,1.193535492027047,1.6371529753810834,1.021167803846893,-0.06952847388328534,0.09672323011974497,0.3068418028082745,-0.09809495395045259,-0.96425246669651,1.3931404510674075,0.880101188191619,0.09050072618482599,-1.0639127261576282,-0.0261787616656877
-4.299067774106114,1.039932349640471,0.7636079604423305,0.6464550774726483,-0.7186396852986767,-0.49956930412757244,-0.1668193505600241,1.4907294779359601,-0.0489175259033599,-0.495065651635719,1.284822504270918,0.44266264767826885,-1.0758489569111669,0.46875775812954285,0.25380822681435494,-0.12786461606772528,-0.6462412349261369,-0.9274802096046851,0.022743745234723275,-0.8489264752115755,-0.5631453464372355,-0.005514408126616876,-1.0220291590048347,0.12167187200022857,-0.2351414527382733,-0.32819265134158504,0.8761549594708972,-1.2364557318302845,-0.0726581730453162,0.03572008791796635,-0.22842976349440972,-0.10888668133675804,0.7195623036454195,0.9266095163396443,-0.3334451658807809
-1.751651935653418,3.485773479936331,-0.28733746617435757,-2.342369147796579,0.6802191193878045,1.8644917797772838,1.4144398830563623,-1.4707790872739972,0.555686403505092,-0.10738463541820596,-0.19464739596045688,1.914044978382225,1.3525182865072758,0.5075008687407154,-0.8360839543975496,-0.7465809633082618,-0.9264843541365383,-1.4188657906680864,-0.2913425092094765,1.262780933349301,0.38991505665645515,-1.7262545433492322,0.3328559480505656,-0.1331412649152161,-0.26994247338336197,0.31638562800487763,-1.231334101531526,0.6754412419139929,0.6499482629910371,-0.24891461470003953,0.19658918005064574,0.5226940918735468,1.5215895481768118,0.14279509788801314,-0.23542597033422688
-5.3490553212299,2.34970628590207,1.1923899075452815,0.9622260848076323,-0.4308723258130208,-1.2639393729884496,0.5899100986684299,-0.18113275965741818,-0.783800091729199,0.8896956310867229,-0.7556574492653352,-0.4154197106659468,0.9454862787168258,0.46489753316650223,-0.6226497808922068,-0.29181692126813313,-0.1299030378836342,-0.9897604531539121,0.01464319683033328,0.0702099019995197,0.08891519355466508,-0.39467946340321797,0.7957753310359025,0.2835626997708812,0.8702970273947018,0.2052000271178041,0.0592318698817346,0.17819938510958483,-0.1068562304418312,0.09017860589528771,-0.4493302644022368,-0.19745251024654834,-0.3664830413186282,0.17646685585489236,0.37806178094639403
3.742577401079918,1.2756450413286675,-2.4250372030540226,1.1900077871866501,2.5694604863376336,1.5816765083209177,0.1427343755249891,-0.8035501625184264,2.1018398711597195,1.524709239164186,0.32533295868442463,0.8367608527828176,-0.5073130659169436,1.0197137724845875,0.042408268457477985,-0.3037982112027834,0.7371380264737133,0.7403587773373178,2.042689327484504,-0.9269888105921457,-0.9598289205500363,0.6099547688989233,0.36680460510743557,-0.7426252210425854,-0.023677523780521865,-1.9155637624653794,0.41687729039635857,-0.06128685369410542,0.39158874217776324,0.653374029681819,-0.1827726491952503,0.39453581950676303,0.1764471452698341,-0.37363931411442175,-0.44827901438301326
-6.033767071254653,5.0193520568102254,-1.2673586366592637,-2.0854279242814076,-0.4281155352610739,0.9693971242221404,1.7288803538548911,1.0121339541916232,-0.3027564713251873,-1.546375949224376,-0.6061282019991664,-1.223598239302726,-1.9073402424582557,-1.4197244821677555,0.4849638807412236,2.0177215182913817,0.1281202076953633,1.2145825344937846,1.359578254651755,1.2952911491534709,-0.9919354944529196,-0.1127258479514061,-1.6705664986319466,0.13724320404964152,-2.1350651146946062,-0.20524316634659812,0.9716291657644408,0.7144564010129769,0.8991191620693132,-0.4535900077040919,-0.13094945356507948,0.5378390494257377,1.9419785818210251,0.19071273192690708,0.6565979740818266
-5.832080702773052,0.4019124098659525,1.347129221789603,1.8067278160709297,-0.6081577833028258,0.0843229117650108,1.1178347027701157,1.2278846171862903,0.9879733524487844,0.23323539529614626,-0.32102774551567576,0.07387121151471966,-0.4221026857376627,0.12846986285120396,0.40995379722762665,-0.015202163407621743,-0.9301104409314032,-2.1820298714266357,-0.9267213254047271,-0.17171452413220228,-0.6911659566781634,-1.0887696031943996,0.20150139936381944,0.953165043747465,-0.5760115743527505,-0.6675458344814617,0.5234149857703652,0.5160553457600451,0.5872878457040158,0.3991728032221057,-0.5904072296164019,0.24543471088341226,-0.5286489422680654,0.2463392120690488,-0.10539307812152955
-6.519545960515866,0.8459582923630116,0.8815348272458071,1.6922210860141285,-1.0662909265029852,-0.18965151337732528,0.5993807990445075,1.119504849026208,0.3621881996456066,-0.21485001020458247,0.0020625652451076665,0.31859659457334166,-0.19243027341338395,0.1119757414346085,0.21853530878168662,0.2102836131996817,-0.3544513759351717,-1.167147335632025,-0.40489626808401646,0.09972339320919259,-0.12597979523995775,-0.5318012962980065,-0.07371419211440236,0.22552003448982505,-0.4558743397070988,-0.724607488075084,0.021340101195351534,0.47261640355024626,0.996393218230599,0.4346427610122992,-0.07584491744400133,0.4280647257096596,0.010657199910720396,-0.2685227881542285,0.3132593603213238
-4.6650300806017455,-3.3407413531423784,2.9052061181530573,-3.5243992453197217,0.1271927830372595,-0.8184276469741979,-2.794865482313568,1.6315181150445601,1.0910263942567118,-0.46525232198617783,0.8990806400830925,0.7274898470689798,0.5107683244608003,1.245683114356472,1.1335668245558128,-1.3465941067837013,-0.479553868391495,0.03660247315601961,1.2097557903743859,0.5563612116028602,-0.42365715494587824,-0.5162454969439476,0.5926973190454673,0.9463671210323356,-1.0754799084840643,-0.426440689586756,0.5857752183833568,0.7449119603054304,-0.12260022027056439,-0.09658890763215387,0.7701996982717904,1.8843469470896663,0.344691066058378,0.11373522238355746,0.29012787328229306
-3.8667726931303443,-1.8114808837232426,1.6503708677980986,1.294793305072847,0.4355514337841993,-0.4526054406318869,0.5899226496081469,1.2270734217225703,0.7891246177730074,-0.07290202795095918,-1.6261108440785759,0.7415992041359867,-0.7257801676866547,-1.886057677759527,1.1847523270194482,-0.522742006781756,1.1058221679217595,0.20708024032773636,-1.052031390512977,-1.048151086342365,1.2798033124560992,-0.4502281966752819,0.4673606105538984,-0.19930128515971518,1.1626894372682737,1.520619445781393,0.2723022210705687,0.6563865822770417,0.32912301095085683,0.8464426637461414,0.15913393896129374,-1.1010322248893551,0.6326923040363098,-0.1216183833335445,-0.8834416011275221
11.329086694099717,-2.013886151248589,3.738859857980811,1.2618609303836377,-1.94026325792413,-10.688582684854538,3.98648296917852,-3.4969861813982335,3.9344689108957756,-5.028549060106168,-3.068152145057677,2.0040950353482927,-2.1191865619774504,-0.12122314719802556,-2.377517272478712,0.17731306195472626,0.7218495565167972,0.4939318619934814,0.7757910928484121,-1.039555752563444,-1.444667112529225,-1.6695970301628962,0.5839285595178442,0.24138752924180834,-0.5063079348579105,0.23929721816730462,0.5831756782846296,-0.4875472209918053,0.2588062675708826,-0.5799007464302715,-0.019264149062250262,0.007851364554240549,0.6616709983435601,-0.4213642848019239,0.027608574717460563
-2.69600372599467,-5.576946106216596,1.3020222904521503,5.6978542213523395,1.3032139944257535,1.0219950765791457,-0.7295195334758948,-0.9748466822863431,-1.4784624361718373,1.737174109360546,-0.4649214522570715,0.7672337950542898,0.5524028777046973,0.042421999553230345,-2.7065763197168944,0.6369709887026215,0.8127917057339293,4.9325607949532,-0.4772289333003769,0.05590196313774949,4.1255328122118975,-1.6052907370651666,1.0990829146750771,0.6959213177088884,-0.2543266836144557,0.010030745958757041,0.7580687471467727,-0.48135228318948337,0.9569427317195289,-0.7754724461682909,-0.16742770913090188,-0.3376647971134965,0.14128091531204073,0.14949414618131304,-0.17398002439880583
-3.988051601202585,-1.4705780961808173,0.6108093886425858,2.4959284637911345,0.3302523255288453,0.02302308689493908,0.8455655836432714,2.2099698443475666,-0.3455114133648178,0.1512492222023169,-0.6002034254591936,0.014099788328010548,-0.9260244979647836,-1.3379739032435052,1.6721464455669959,0.7277751934951858,0.29871410140662286,-0.46237972517572884,-0.0618170480891378,-0.4477181459338511,-0.6167311370490441,-0.341967381187193,0.7680020852289482,0.01277852412652052,-0.7555112797708646,-1.2092547466894035,-0.6943433806832767,-0.10600590498472653,-0.5828028832002619,0.3601317713140071,-0.0898885068673705,0.6611629756513421,-0.32602783919984796,-0.7478613794760008,-0.5359693891581205
7.726174135978816,-4.253915656497576,-0.2751538199902456,-0.37742826262532997,1.3757221768865597,-0.11496420893723451,0.5450996163930719,-0.15027340074534895,-3.277324219668961,-0.9803178850654971,-1.5030923592906953,-1.719833878031739,-1.4254754865231374,4.538043609960065,4.115654396523767,-0.07586623217990138,-1.2206682318539153,-0.7604479471052542,-2.0586426564436167,-0.06791448268410367,1.0174985527423484,0.7561441120382517,-1.3172890015095517,0.5248134787608912,-0.4132785569584236,-0.3086003714875926,1.8827120019380572,-0.15572486543176792,-0.45482288208300925,-0.44255161588930353,-0.9276584770272532,-1.8101733350434317,0.8673442766655409,-0.9101246750909079,-0.7857733287795805
1.512593841508139,2.54648334115679,-3.962142664129455,-0.8742798594426954,2.9133599498493044,-2.172627968277093,-0.6444313330598229,3.7594957712350685,-0.3644579891987572,1.0544405821723113,-0.3943023506222957,0.498763246307224,-0.20263474574223264,0.5461663799163655,-1.648011645086423,0.06302552641810893,-0.587804869266274,-0.24592635425655499,-0.3857481947003455,0.5769388798169363,-0.054993902693508935,0.9410246933015866,-0.4234370360402018,0.09429111472450546,0.825467864870341,0.8618896733768437,-0.06748225355223333,-0.9076620607386566,-0.14565775830245384,-0.1193658497185516,0.02738969897873431,0.5597585987125635,0.23399734023512386,0.9870490804182135,-0.4508221770959541
1.6792596623123415,3.7702144537534847,0.506441850000422,-3.1207192378927107,1.6987340308409995,0.9854644965357082,2.1743265789219977,0.2784884950872907,0.42333965120491646,1.7229084733000166,-0.6446088680334281,-0.9172333391202763,-1.0133150318081874,1.1098226290123165,1.3697899306239074,-0.4557422906925626,0.7248023858298624,1.3725183136972279,0.8805326308175109,-1.9080591417769877,-0.004110855436126682,-0.38142863342644207,-1.2295822872073172,0.40016014426529434,0.17245975005894382,0.28927832169802903,0.11198980600479094,0.15973747486080325,0.70330101447397,-0.7835285477738392,1.2043480199188832,0.6710751120804777,-1.144503482511208,-0.317499605759462,-0.7858112443907546
3.0504589079612776,0.7544444645080669,-5.079692864669831,0.41940775294867944,3.295331143466005,-1.0158637193864766,0.575508437536331,1.084273413822722,2.5927886732646344,2.4495689760674173,0.2662900786803485,1.2159403715455621,1.1944900904186537,1.526783439346263,0.27627765536721066,0.14724836603424726,1.2595220423744429,0.7660048707460108,-0.6034854200285379,3.3488146317076133,-1.3766128606253785,0.4070185499150066,0.8397761475514142,-0.14842598644848068,-0.9650650950658307,-1.010468168079392,0.2452362108040214,0.5965029807735822,-0.29775133278052035,1.7212013725535533,-0.783554453582787,-0.7429687829214174,-0.37403767780457764,-0.29594215724347744,0.5822497295889265
3.6084933973684574,2.1127346847915702,-2.156140623308552,-1.351777346641317,2.189926193596663,-2.090255578356953,-1.1849974560742536,1.7374419227052145,0.6417854024429704,1.331463636524762,0.540505960468672,1.3698638359003297,1.0470633909001026,-0.08933901360725108,-0.17584397773841207,-0.39491113821903606,-0.19331857850688638,-0.43114697026027965,-0.13671975237842163,-0.1263067882705414,-0.33104516930022226,-0.5939024395387444,-0.25274410167619715,-0.32053472313393616,-0.5098578673525733,0.6625776123946244,-0.48443946389845616,-0.5535461668262313,0.06587207249456692,-0.7043798286944026,0.049919530395909954,0.0902704962823548,0.30527728981370167,-0.07813950982597122,0.3651121281432704
3.8067897363073997,4.459339659708783,0.9633954461406645,-3.1527933081238704,-1.033440546378952,-1.4068465697130725,0.9302900175723978,1.3461720761415938,0.5246181266989279,3.8927925027899435,-0.8080014023008163,-0.2852158824183211,0.3268972648163563,0.9330599273775844,1.68048963453112,-1.3791003783089277,0.6056607487896141,1.3649074127700502,0.10899958327058264,-1.3823570262978695,-0.35153235517690357,-1.4653798790067016,-1.4899068628467311,1.6602628641085821,0.75197321069363,0.6996256434319068,-0.25858948483417393,0.07014229941805888,1.4173672753454294,0.09907430499508377,1.7249457846283909,0.6350542387914668,-0.4383497870521869,-0.5643216375453945,0.10951839098310864
-2.1663980596179915,2.3611205008033047,1.1653245202656806,0.9013261823806544,0.3546327216566011,1.0629844893007887,1.0608603736739628,0.7611907003249315,0.7013057699990238,0.5513252857291294,0.5615160875000988,0.553961132076643,-0.3595201229011478,1.7031688292581004,-1.1338865790384096,-0.17118350217261316,0.840516509799709,1.845920240600931,0.19354151229696276,-0.3933004115357745,-0.11149286218673439,0.060853756663360695,-0.8898421278512659,0.3315148455513908,0.572770768709466,-0.16282525138710355,-0.5264424471030222,0.6402898680238002,-1.5227658586719768,-0.09248793142274196,-0.6525228333100407,0.2282111572822354,0.6443752133175039,0.478003274254386,0.42415849808531136
1.8142939258021398,2.4933325960688664,-3.789436200305791,-0.9272879126650987,2.9217031894813,-2.078480526225807,-1.0457383896586083,3.0323050570886805,-0.5247355691991357,0.7448167563451041,-0.40590386108083565,0.8549226038551808,-0.11148567592004185,0.2961926724122581,-1.8072731183825388,-0.01163519246499071,-0.6332235358567474,-0.6285792823253967,-0.39788643542994057,0.4237754007519973,0.07449445084066798,1.0307701071084803,-0.05139920456538306,-0.15121862545990897,0.7048080042406217,0.5222535190203161,-0.21618945938427142,-1.1293051700225383,-0.16038312861930842,-0.8692418615997344,0.030494524608862004,0.31780331142341056,0.6387555561041831,0.5817067218668982,-0.11382041672111386
-6.519545960515864,0.8459582923630115,0.881534827245807,1.692221086014129,-1.0662909265029863,-0.18965151337732847,0.5993807990445079,1.1195048490262112,0.3621881996456061,-0.21485001020458255,0.0020625652451067176,0.31859659457334244,-0.192430273413385,0.11197574143460776,0.2185353087816843,0.21028361319968192,-0.3544513759351705,-1.1671473356320254,-0.40489626808401674,0.09972339320919217,-0.125979795239958,-0.5318012962980065,-0.07371419211440243,0.22552003448982522,-0.4558743397071002,-0.7246074880750842,0.021340101195351843,0.47261640355024626,0.9963932182305995,0.43464276101229965,-0.07584491744400083,0.42806472570966,0.010657199910720592,-0.26852278815422825,0.3132593603213249
-5.407582300025429,1.2582661823125076,1.1233983182461627,1.1542835186408782,1.9639696870388588,0.04847732791964472,2.3008346269392432,-1.428583870622917,-0.32974797670028605,0.010907407760679406,0.6866529228777832,-2.6585108486874587,-0.037812313960090105,1.6147686503497554,-1.6301287492577545,0.9434798003715205,-1.3151275990985232,-1.8889502326115823,-1.1861479568995188,-0.8807903510192485,0.5472982612814252,-1.7185309141267424,0.9554415418048233,0.7821465568810555,1.0266986589487366,-0.008109703258952538,-0.22613148939326944,1.3640954414058877,0.5028388191091097,-0.032856705202309947,-0.8132546788298132,-0.2477732004693775,-1.0831486513703912,-0.13341935564210278,0.07761072682043958
-1.7964620437658645,-1.048297351114896,1.7441281515945581,2.016981038398562,1.2812688461465667,-2.0180368022763426,4.516723738341241,-1.039557931414399,6.088305679472726,-1.3850399405782319,-1.8227424212684953,-2.723060367466672,0.13461046687758985,3.136789290055802,0.4246968272466604,0.34879427873350766,-3.1204376542777337,0.812791831704323,-0.4579792679893508,2.460148222644762,1.2360703259285015,3.1311545626778168,-0.5173454036297193,-0.6607732515531278,0.08283748772183863,-0.30109950526083046,-0.5689544659920648,-0.18415695402914437,-0.3261682054100902,-0.09920814996174603,0.8663713719667971,0.2940002214044542,-1.3409183645892029,0.37929123595506287,0.2546385391962262
6.806048857867306,0.2179031162458414,-0.5410641747796233,0.10643489096495637,0.9654059873855099,-0.26718582267949764,0.4124466836302767,2.1741418643037047,-0.9182684657910285,0.7238850770120684,-1.1760912318011052,0.3364476844753159,-1.5302682048738587,-0.8025611328516448,-0.7070850578741054,-0.23164613320628766,-0.5026847620586538,0.003983245805651428,-1.0731643181614254,0.20750992236310717,-0.19108823083317011,0.45782602161843844,-0.3766034812616285,0.07081296250140498,0.23558190275689225,-0.06574371332520085,-1.1369068075132165,0.11611210298369727,0.8127452048318601,0.08519110805048485,-0.4416370695288467,-0.4546828231095854,0.47442710187943476,-1.3457607505495606,-0.09381046796358453
5.9830399850447895,-2.680216260345815,0.3327273834681468,3.928986391154533,-2.9083105206209368,1.303349909769849,-1.8926831369360446,-2.046022644280133,-0.7305660148938375,0.4476215472433113,0.42054957070303195,-0.5270732273088666,-1.7687424211855483,-1.97935289086198,-0.33019242867402104,-1.740184827085649,-0.2231083810666252,0.7413127885202139,-0.0749681296263443,0.2904389008719098,-1.0046146354221748,1.0753809940302548,-2.148948422068687,0.6312777295766678,0.11920301662114052,-0.014446324482973167,-0.5661523192169428,0.871997024034485,0.046148590748230356,-0.1608794172051229,-0.14937961716143638,0.3453106719930722,-0.7438216939461065,-0.03619118029592672,-0.8311125681822401
1.5555701810976668,0.22270851888842863,-0.6837423974795311,3.0270346191191937,-1.7605710124497798,0.010618854006016209,-1.6490721328734947,-2.3527717189613395,-0.9997221774605365,0.9924134073628335,-1.4918518170883703,0.0978221831416273,0.20329264507616152,-0.8595181946718102,0.3936485183925141,-1.8038659846593952,-0.2327423896640193,-0.5728304079970105,0.6692262062440999,0.5294342295750297,-0.8242175474142307,1.418113304430908,-0.8905616827013463,0.785823341238628,-0.8062148595779609,-0.5651593443223224,-0.5558008112679385,0.38659167796192057,0.6671323826083059,-0.44426225192958246,1.575235597724297,-0.23980502964157874,-0.8158327122285589,0.06415189898141671,-0.1887599708113444
-0.6856623494892903,1.2061842137438086,-1.2346561893656558,0.017556293458665252,-0.26523405844898973,-0.4405299561100534,-2.1166571543274304,0.9990140674123857,-0.7620901691969614,-4.308108693297118,-0.20644744522875424,0.4096986108759372,1.169013304042011,0.30457495872986423,2.2988158106100136,-0.7252518912244517,-0.1922696997653494,1.010014376055506,0.3428865346874389,-0.4652459237270207,0.12619236097735556,-1.571522292421692,-0.5254298125410783,-1.5929160565349993,-0.5583714147234135,-0.3468012637773027,0.5241490036434233,0.343721818651894,-0.6005897857257644,-0.4946651258621088,-0.3696288368577653,-0.04639960036701674,-1.0618082814545524,0.4228785125275254,-0.5442390914976205
9.432595850431056,-5.185675940070407,-0.27705340496076264,1.2925253711155027,-1.7421642734861806,-2.770506193346129,6.7016662999841365,-0.19436684515091224,-0.7611763065682972,2.7787342973360376,5.57319107005293,-1.6822590708453269,2.870838728276212,-2.639081753710894,3.153664462428577,1.2295660583499102,0.0917372724145895,-0.7220940540967667,2.0308982397079687,2.6363302849548207,1.8665098870919787,-0.32289596479396826,-0.19360661534104545,0.9748979382454612,1.0412843317601255,0.4124186772652657,0.11562537241670927,-0.42731918393355806,0.6993296655653232,-0.4475411197618486,-0.11346553983746435,-0.002345065469948384,0.5221766828884521,0.9979719499265641,-0.0695206667126457
-4.2034797382840985,1.7186688321827022,1.4490878937391274,1.977402905985496,-0.661286100688967,-0.03692146956100164,1.1438893617207706,0.1460267971306764,-0.2012050883959806,1.3429485393181118,-0.9445064098086353,-0.02696283133516061,0.6143789860819953,0.8878624876057355,-0.5318200848829643,-0.3893174937523878,0.5367058048834021,1.1406567846433273,-0.6388015743805321,0.2037155520852699,0.6066591975729143,-0.03935108375701334,0.12979806369945734,0.22319238669105546,0.04735705592074239,-0.10291383469398753,-0.39338198713560196,0.5136763266369874,-0.06192960367999094,0.07193831941359158,-0.0234883970735891,0.1375392215554323,0.3613976642913337,-0.12003612341253475,0.7869373375221744
-5.7021946380094315,-0.020965444652524316,1.300215958477473,2.1379727364372023,-0.7361251532146695,-0.23181046473378,0.9753394764131608,1.0809725926537321,0.7671648663981359,0.5764200761258224,0.15490180256512548,0.6496450885087603,-0.7535538947144643,-0.23106211361129292,0.05014027066338686,0.006234229517050314,0.07135203077154535,-1.1224751732407723,-0.583241704408556,-0.5329595560575443,-0.14890327542997817,0.11745083823317264,-0.35213901387195506,0.3192553325842581,0.06353436701635112,-0.7067917523993458,0.2656219416377521,0.3102185422932198,0.5518283703387443,0.4631215017781309,-0.02248405911662518,-0.35339943518956146,0.10664831120234936,0.20224033275385542,-0.21126767247228118
3.473439673356488,0.9230908382659223,1.0461177178701768,-3.670428323490669,-0.526187618223814,2.5022612974318497,-0.8141508646166559,-0.8625208463916572,2.7766745363962664,-0.8868812906751998,-1.1961616825788204,2.1304407796671816,2.324250313654258,-2.19898436108724,0.934578702745117,0.885616205227724,-2.494824699311638,0.32088651533143636,-1.6002364443263941,-0.011825553096500803,0.7546150896721497,-0.20668546644287406,-0.4495101353385973,0.9698191552937557,1.051190195974148,-0.18580776117782985,0.5617290332132123,-0.5316289007271043,-0.4628631520663782,1.0416252142644185,0.6485393938623736,0.4035776785267231,-0.13190688340520332,-0.18330462680687856,-0.0917614964839675
-5.97373550453248,0.8774327694725802,0.9234629992055171,-1.392427412099182,0.6756989595972657,0.46996481493600556,0.6640549448412569,0.19920557239971784,-0.3527335649391944,-1.283226060628118,2.82016855711425,1.76792582721826,-2.6260934778042175,-0.1990171488099366,-1.79913506852248,0.44426393714318974,-0.9013517178534405,-0.4386002741031952,1.2056670018870228,2.010324657359459,0.5812735803963945,-0.6849812280356721,-2.072348574842861,-0.6266623343597748,0.7567620930872545,-0.2893226087567537,-0.8350161175929233,-1.0306794634656868,0.0437127600104684,0.15611017442083575,-0.2949576809591502,-1.4711861583374957,0.047513491852662626,-0.8391868603233282,-0.7965441727339847
1.6490048817282157,1.910660103947077,-1.839776362537447,1.21136070041923,1.3329211208998626,1.7434851721509261,0.6550817272037726,-0.24212944500124114,2.1244249484177207,0.9437885827522376,0.8889280645006079,0.2460801795939211,-1.0232296900744051,0.7396464330888247,0.17782720633160165,0.9631773268956713,0.8454181682688884,0.77690903637537,2.091832461870438,-1.7196400335569408,0.038738478078868696,0.23477266299998778,0.5186528582670407,0.14944263862548696,0.7797241771514162,-1.4229833289477325,-0.07862994337204457,0.418023908154932,-0.9718244536019578,1.535522827418222,0.2504944953222659,0.17697502541167462,0.8025883134387035,0.28948347069032826,-0.04117200248383922
1.049439240580666,0.6147813436720669,2.287229593671122,0.2944164222826125,-0.780515721147044,-0.2228348311084864,1.7622593690090111,-1.1254537266629254,-0.5343797136314827,1.4360872883797837,0.9709025101721916,2.495933638726676,1.8119489816071928,-1.0487479091685252,-1.0416638908635862,0.15976831586479145,2.034175919201167,-1.2790818746822186,-1.482282210338318,0.4975452705491621,-0.29364839043725416,0.8763702943264603,0.5286599828962424,-0.8237784501592149,-1.254579923222423,0.4321221272377865,-0.41547553893692596,0.2549536577079974,-1.345879827972831,-1.189505046694901,-0.024559903287539084,0.37291811357186266,-1.0145755174212652,-1.881812063782417,-0.0556321508465152
-1.1195344562918976,2.1436652474691558,1.455579076256398,0.24752837713238343,-0.15515420028685267,0.6972747042074767,1.4357346043095465,1.21156105385446,0.6725267489767566,0.46512219023413676,1.3739757342933745,-0.4163676738058623,0.6573867542235977,1.019904583644552,-0.7787906146907226,-0.24440925039474157,0.19883873207434213,0.8741470372520462,1.0842925089667461,-0.4298199546978632,-0.5708789433913896,-0.04285832102379329,-1.5133553879838633,-0.631792002054859,-0.21081725211356092,1.2204353339259333,0.04956813249058351,0.8149491227534955,-0.9441868857110493,-0.9600155169485843,-0.433460537139003,-0.6082212859729961,-0.19533053166732808,-0.4542478539428815,0.4443613160681692
5.650805559118445,0.707990350394135,2.964771466119012,-0.9052572090008992,-4.035916300822796,0.6330466224950804,-1.531552192835553,-0.07475480056276555,0.1538798589790133,-0.5485282293092751,1.0071234983460997,-1.331610742923477,0.13425158375998855,-1.1853306885273716,-0.6458259736860331,-0.15774104023629842,0.30751925749743025,0.4531375680840334,-2.111602277202225,0.24175557433807307,0.3647785143226812,1.2720719548934294,1.0371559098405867,-0.8130496217972754,0.162344127573153,-0.38873480685672496,0.27719332413203707,-0.9942261850552513,0.49377272446077486,0.8695353136173272,0.015713088643264195,0.3090412711700502,0.012727754683385046,-0.03524435980251741,0.43770101649649623
2.9727565352786582,0.17853009118301666,2.011387741246726,0.7849382148453784,-0.028292494259201027,0.8883743225381011,0.7635791860442643,-0.25477934558071796,-1.8793097864772281,-0.2887566308739043,-0.24978323285655998,-1.955841894126408,1.2822097620005528,0.955791123337799,-0.4678933049887338,-1.0923597366870197,-0.4325542598833325,0.7112158391489791,0.9496592806661568,0.31797149584406653,-0.644962260437292,0.06183542184438218,-0.002060301259520491,-1.7402115744728108,-0.5375518256100051,1.3189154022624332,-1.2782869743493268,1.5026055706008643,0.9170786328559891,0.2994591888046387,-0.8009002688491221,-0.3069284324309947,-0.1680775543791682,-0.2779873875600422,-1.2672388350517272
2.8522755408288787,1.4945408370030322,-1.5971971789656492,-1.210262186517928,3.755877649573395,1.646836816128721,1.3409178888879683,-1.621884115957853,-0.43301304958367925,-0.24047045535498734,0.5020106541816901,-1.0874437216014547,-0.4172448666018971,0.710914817176662,-0.003601265322477218,-0.779586397629917,-0.8890621855852104,-0.08546082508133204,1.2237549739521458,-1.769484774320846,0.11375036433739863,0.47269981977285175,0.31974920417902375,-1.6701557485115888,-0.37666609917858535,0.8282979325319849,0.019504923201461324,-1.2354908599018377,0.037480718870582984,0.7631845943186185,1.1665496037004301,0.37439295519449534,0.565094504015105,-0.27455608172759,-0.36481233150243514
0.6163807828445225,2.8204200492259286,3.4263387180531577,-0.7992449254886197,-1.7031873571322977,-1.507373549365234,-0.4107388330558681,-1.5165093013011537,-0.8463715417857204,3.044287273670916,-0.09944178011906064,-0.31175692303318764,0.7302851589277726,0.6062763854171668,-0.3243886436837613,-1.97025786597218,0.2773510532624757,-0.719149262834303,0.5212063501946372,-0.9694580309430797,-0.3786426232111665,0.33149210770895216,0.6008927560833578,-0.06579643550481881,0.6135654361212578,0.14241344234788877,0.41176864782119454,-1.2705488758057017,-0.6513452175571475,0.3593804315155392,0.3672443370485511,-1.0681084896583402,-0.6058544470657297,0.6160788434112247,-0.8742934513280606
4.675493370274997,0.7790914315791009,-0.9893564259800309,1.6853512769952799,-6.2526940023177,2.7338777186680354,-3.4000528765819076,-3.520582155783853,-0.6874728752447593,0.3918827758076953,-0.6297051557342315,3.4847065486570146,-2.639092970631184,4.383858571259851,2.052959018486814,4.675452505871957,-0.17928160616847985,-0.8139639622501993,0.6727699266861906,0.9989282724930133,-0.4538507862641133,-0.6616647137355088,0.9282645941887445,1.3355549822227446,0.6403304400663062,2.348175960683658,-1.0464055543195616,0.2443650350640768,-0.5355884284807086,-0.07746924333813375,0.040393111606186326,0.6714557760034435,-0.21176926964772566,0.14313732848507085,-0.0002323708579336068
1.9945016771525101,-4.437889051238824,-0.8656656986265545,1.612149687601239,2.016446340161059,3.817082439816172,1.0392043159384645,-0.9423733209384333,0.6708953330860932,-0.6261714576628572,-2.497298502672766,-0.934218890960918,-1.6620398562806942,-1.3193395106248242,0.7207370219266342,-2.5089626593227923,1.2017545542856494,-0.8823873404871985,0.20020898188756076,0.7567351891554804,-1.4793025526159662,0.2552857895237058,0.5353560213619645,-0.6163818555869183,1.3750494509862718,2.303688318057962,2.024819168502035,0.5406942065255369,0.4401015881569213,0.14906262115888338,-0.9736483958714545,0.29178181752342913,-0.5497414467105818,0.7138880954262927,2.2632608549577045
6.197693505971183,0.5883255495233002,-1.8584071889167029,-0.4236594009598706,1.7683060897303857,-1.026419981918367,-0.5926117676541236,0.8095964808061291,-3.844336638285605,-0.7712317058548457,-0.19799531550288257,-1.4676721607899688,-0.3449606207597096,-0.3121407751548324,0.5046835447993613,0.005651072229356935,-1.9643088869191552,-0.36241230125776486,-0.6396011237046126,0.05850951601811928,0.4332264139602756,-0.6639563397502575,0.7447080847505557,-1.0199654882004285,-0.8093811598952758,-0.6178138904561433,-1.7816800199207798,-0.09267029762827173,-0.30047208595079616,0.1285937337194729,1.4520245000027128,0.2759221289805014,0.39099811360630776,-0.38715334961898135,0.7454361986376831
-2.5145533095675714,-3.487785747621276,0.07637221894627742,2.0443805268154294,1.5987974983293316,0.23026251429319758,0.4865547035587422,1.8361160883252359,-0.23425787384578003,0.12559729187183166,-2.1559248435006646,-0.46133809804372633,-0.8881655414229093,-1.5594015895581805,1.9360582926310566,0.46031920959801825,1.0492403789689113,0.31001617123433656,-0.47562368960154383,-0.915193258696197,-0.25387200746125543,-0.20002051159754214,0.3949039119104959,-0.5629333930902014,0.07240808302482944,0.423848329122534,-1.0357075724416838,0.1156421470144551,-0.6442644633148392,-0.06095913972583584,-0.22154715276071674,-0.006291913712716768,0.1436527116184579,-0.32946924998844235,-0.24598508371925643
-3.9764507540069736,-4.8482514044139755,4.451915541487073,-3.9998496493066216,0.9979274441283967,-1.864316403838328,-3.474828744775223,-0.22449826474911985,0.8579991567564611,1.0566404893961556,0.10934673790811915,-0.14785210423802356,-0.06622187736715016,0.4475395638238485,0.406231978960664,-1.0847488193217567,-0.18076694901293883,0.46421522324849324,1.3055101659431292,0.2588988786585438,0.1428830522101954,0.5291692371829005,1.2872252378141489,0.7065315610895567,0.28630595052571417,0.18749678524237848,-0.2717743039987758,-0.004381365450809386,-0.294652779422638,-0.15112974045288538,0.1864459874690156,-0.42361047725790985,0.6934894453012633,-0.7145447482876796,0.15806760319674365
-2.745172511083157,3.5894844752807016,-1.9804092216531946,-3.3528017827605407,-1.525032429906993,2.6701832626051174,2.7710926014170383,2.342590895004096,-1.265781042296479,-3.814186724001765,0.05730101772701915,-1.2472978774041048,0.9349949979386976,-0.9999843135917799,-0.9029826728506051,1.730206097133625,-0.7177429537752825,1.762794875735205,0.9055034308385598,-1.1135603673503718,-2.112716896661868,1.464639899540174,2.3469534947451742,3.1829550425875253,-1.3931647102784075,1.2833226178195944,-0.9198739454581438,-1.538536999974883,1.3597767237099057,0.7466490700568855,-0.6226038591253136,-1.6139168993816704,-1.0648366642354505,0.10996931163093844,-0.35758076686865686
6.3376901928042155,-0.19712606081065204,-1.646673050756731,-0.45068552373120757,0.43736729968468585,1.682972989293912,0.09732567531333754,1.5961550273522531,-0.5390060066007766,0.3067373275275853,-0.5504820443546609,0.9251400881973312,-1.4197783265887158,-0.9459760951043857,-1.0057849247820856,0.1274073172692604,-0.46009551720081404,-0.10037145876020824,0.33330026100051025,0.39643417062071484,0.2099417658701831,0.6032471829106633,0.4960429957462836,0.8393097090800178,0.971891802588152,-1.186780276414708,0.2891342833900871,0.6453238940119153,1.0087964971332826,0.10156145917211233,-0.33457356964042434,-0.07217526479974325,-0.5799627585250474,-0.8812656620886903,0.27319164371155735
5.073195230066172,1.6982925749054882,-0.04530717848171522,-1.224370505238108,0.025872438862729413,-1.9299180854605884,0.022791314712285658,0.4963403686146258,-2.46915195413406,-1.2714362804262413,-0.4740372932564137,-0.45471384644912094,0.5627925641044677,1.2172382778789235,0.9624091152493262,-1.6752808316346666,-0.06802997668179785,0.7221361553144345,-0.34416433350158665,0.28545547563457646,-0.5352559891309157,-2.1196067720695613,0.782370057245033,-0.7171426479037272,0.279902693900157,-0.8436948589782405,-0.08000426316720811,0.44596721379318965,0.04371339816962301,2.028462635729852,0.6918644502709737,-0.6960878118332725,0.2306430590935293,-0.1303664516813421,0.452939029947997
-3.656847279234898,2.2224525472006573,-1.6188744235417758,1.5211221065680705,-1.4688780033382962,-1.032306736787618,-1.7824215788110205,-0.43113847593117116,-0.9627494574502838,-0.5235291315563361,-1.6042755217150784,0.7992590406733115,1.5385899847145112,0.36849226709349253,0.8195421917169371,0.2576497624885983,0.3984245186179658,-1.0523629127916956,0.8364468537362838,0.3429401338229699,0.8027476131512872,1.2846179945673002,0.33207101498648306,-0.5056697903486002,0.21903684747340013,-0.33118927539628124,0.3597260549353061,-0.6695902345486728,0.722445617724313,-0.593196695403076,-0.5640217894433232,0.5566674457257342,0.5030195746378788,-0.545953098593539,-0.1468923423384265
-1.739254628462246,1.7134892156914248,0.5279789271274886,-0.35086670756130794,0.6603855921851458,1.1779211158562026,0.733317281673342,0.06681778326976222,-0.14221872746787398,-0.871085383695607,0.3224502462399108,1.8035682877504848,1.1141391938686818,0.8893202920626517,-0.9346447993312256,-0.2770021415463378,-0.07414172838832145,0.7317290683259946,0.08370026063816251,0.4935570294622453,1.2435059162833457,-1.5799333198894314,-1.0276881993518274,-0.4591805037068916,-0.26243897196031085,0.455686156993092,-0.17060202353027398,0.03234105802225173,0.8947418525854778,-0.6830529436955199,-0.27963266295503925,0.9107047662297086,-0.20672940243489232,0.252211435001961,-0.3877982850329475
0.6456540573681941,1.6675056000471844,-0.931366751991615,-1.3067903802628305,-2.123592301535777,-1.3862937745001993,-3.449211151643602,1.334192294633912,4.151330938086037,-1.5060061303123087,2.4150343124459197,-1.5351767748638583,2.566381640570573,-1.3231463261447733,1.4515903273740505,1.1618108305129882,0.1389568814425167,0.3897078977749693,-0.23398026758283008,-1.1394840171648417,0.5140425904663589,0.31512809541565956,-0.5498302373002941,-1.3604404180883483,-0.481613146785093,0.7977166843128476,1.3960401012943533,0.7365209626675698,0.5913602935929138,0.20413952216835224,-0.9118249456092508,0.22254890382152276,-0.7616731682701985,-0.941672347019315,-0.07631802954650468
-5.737953091314884,-0.5469394493011293,1.4784756052901646,2.2732737225788595,-0.5779020006751956,-0.5668076225547651,0.6609486937320662,0.9227841787553374,0.6639982569434849,0.8462328066885841,0.3306849696353252,0.6553327148124495,-1.1346498625200863,-0.0070801291501420924,-0.18505468881243275,0.0202007967165705,-0.13088592848725286,-0.686920849124378,-0.7899219303971002,-0.8095172892990226,0.5316173055421349,-0.07274980907428782,-0.5467073503313916,0.6031371268598645,0.29015666797391465,-0.8271185122695899,0.3526740116968849,0.18679367816452302,0.7798427872549293,0.5544119648068513,0.13677660419993634,-0.5590722025903986,0.033613063199516735,0.2665898025824238,-0.20519978864724597
-2.4268376167341565,2.4161939880683625,-1.846550365343843,1.9657187376205887,-0.7269126787837787,-1.2777593909837996,-1.6117492835723481,-1.1461317391659893,-0.5107313327478086,0.5501200467268854,-1.3199997151604435,0.27966670876148786,1.1959903571081856,0.27353911460054264,0.14250672497918415,-0.17998409403854215,0.1333308671868662,-1.067231422280393,0.8781316572663803,-0.03937241700443551,-0.005687039214881642,1.6855679738949323,0.024873679586270375,-0.478791226737311,-0.52463762068291,-0.17900963358874555,-0.1926607079115619,-1.1126511530073548,0.6555027983481758,-0.33593798399570074,-0.15515715114339254,0.21207279580956626,0.8943228520400293,-0.03831968915721272,0.2919051643678314
-2.8659209459781243,-2.6766829262929366,0.497522078206193,2.8638958931679506,0.778626765872017,-1.1069131098704375,1.9053171378945652,1.766257398417115,1.050451151718635,-0.5254909461789592,-1.6854483778060172,-0.6924642810008556,-1.0930985783477147,-2.0146298978357216,2.4821322261356182,1.0705453180899334,0.1853806331451194,0.2580030126303058,0.25843350959253136,0.2878040534359198,0.15742083820967678,0.011305814920248614,0.8331904546883527,-0.4001175412903179,0.6105674470162993,-0.02244851326362332,-2.0549443973508947,-0.9169679062666618,-0.8957753325903461,-0.2659368793682097,-0.17174137020310726,1.4589480816947624,-0.15719491557125992,0.5195218169334918,-0.7564236982725233
4.567086871520529,-0.1205689561422245,1.1652257483594284,-1.5308278013674568,0.5346950560827889,2.7318442780164713,1.3146063309911502,-1.7252267241375796,-1.05296354239993,-0.41031515298224785,0.14080946109701045,0.949893145707372,-0.5042652425983046,-0.23069297516422005,-0.45943164459353353,-0.7620135088114972,0.10477260929928484,-0.6748503913685029,0.837215328744383,-0.23874861269978814,-0.14594663978661487,-0.0967120082454384,0.567858709552646,-1.2640087824848762,0.561193906723076,0.6286304793297672,-0.04846751837599648,-0.8225014923283518,0.7801345164756154,1.141858116580093,-0.8912452183039905,0.677900264510956,-0.45258540830648575,0.3637047725123404,-0.3146318685968719
3.6803545004262928,0.23510319709841812,-4.019012733370156,0.7308246395728824,2.1517370108296596,0.4578663698447636,-1.75558027134214,-1.5092733158878113,3.726304428668876,1.4326073569045064,2.9198620256962857,-0.8151075083112975,0.07983668775368705,-0.15104653657061554,0.8438099603844166,2.091710161340816,0.26203226033604643,0.13034186515713536,1.1247879671388523,-1.7198992780714248,-0.42442842480908705,-0.9688085410225312,0.9884308783562665,-0.6548348104827467,-0.13507250705354978,-0.34800496015983257,0.10631529460457997,0.30193451720834424,-0.46281660111884304,0.29901253681042267,-0.6390271617438159,-0.2674595077277279,-0.43548530962076,0.215475036672186,-0.944330933825564
-4.355411750790058,2.2141000540399114,-1.954394732015374,1.6820347440294858,-1.4021477852250697,-1.6557640701210374,-1.713970715989918,-0.1012621583345035,-1.6030252608541558,-0.2753126514775649,-1.767353105207206,0.5114142867735159,1.531734476088337,1.1722159358613549,1.4808575986567383,0.7473169303692053,1.0481534258424283,0.7714980738866761,0.31922431164389903,0.18553333895318663,1.798690093701236,0.8244645210863436,0.27772052271251774,0.11161283279443483,1.1774941439832936,0.36391064101245607,0.7716239159593649,-1.4147408540453812,0.6672848012522344,0.17425854490542864,-0.7308065996577817,0.7719564697822373,0.2386765365204704,-1.1459104170334315,0.4872708911354913
0.14710496957837502,1.0119942145379088,2.8002601718893088,1.5820588050635562,-3.0518658932796243,-0.709313228432226,-0.4078757628864508,1.2307074713021702,-1.6633979615050711,0.048898887322602,2.5629821361341696,-1.7519881578840515,-1.0451375355143364,0.262004973664838,-0.9549902233678528,-0.11391921820025866,-0.9985557453493343,-0.715217493219278,-1.1751345041963654,-0.5102713945137682,-0.5596726552082129,-0.8421148182452273,-0.08065424138225238,-0.4712366133060542,0.5507440338681688,-0.461842267011365,0.5584536090245126,-0.8339641971961732,-0.21354204876976712,0.2219471747161143,-0.4461302266960331,0.8360971974588683,-0.33009380639679564,0.2322590872656577,0.06139554939980479
-1.1992815111757786,1.6093972385191762,2.2323700537774878,-1.0758412849614312,-0.7048683547088801,0.8953197063082956,0.038524935123171074,1.509378220029233,1.316418630197869,-0.6299702385160145,0.20731891974395433,-1.0248327364194096,0.3885744164840643,0.8373935528455045,-1.104659159123271,-0.29405169354037597,0.2208884228496651,2.5333653603668647,-0.5322304422088885,-0.9673717848646355,0.4552615177426897,1.6996189345175152,-0.6337363353256331,0.16251116347741723,0.241292348387431,1.415574492780008,-0.3732408242087067,0.8612300615364168,-1.4892189283951054,0.46591861253776534,-0.5667323298954475,-0.08291450342193964,0.33813892960978564,0.3384141520443893,0.26110041446252
-0.8294809733438854,-0.13651919370965862,0.2172943171119537,-0.5147616757749588,0.5245921448210374,1.1638125268938624,0.43852136453531637,-1.8084838562570007,-0.5569496733875304,0.272044056561153,-2.1701032918370817,1.8107610887210341,1.3468244378859613,-0.5328746782411407,0.6675166690564728,-1.7903796939036798,-0.9276492023977919,-0.8144769565733424,0.9559595212793791,0.15344211167863023,0.4566601464698106,-0.47636207433478933,0.373806616157362,-0.9477760312680463,-0.7706950348805895,1.5487226206583637,-0.6154018156177178,0.7118252646274842,0.5281841922117161,0.37453988590723303,-0.060522532481638684,0.3620730236342285,-0.6436379559869796,0.6772068154129111,0.11702917005506355
1.3153597607155527,-0.36873685886288227,0.9757908823823325,1.0388449318277886,0.5499070181045742,3.635719439303342,1.391825647614562,-0.224535239205053,0.30500318007478544,0.29700339217812644,0.8113227763721448,1.155620277718209,-0.09396214468867813,0.020122461132424174,-0.2723534129722652,-0.12902641238256415,0.2253010661277264,-0.10176696172682842,-0.023653891397665692,0.14852749923950775,-0.40216469639817504,-0.16631338026933215,0.41307059649998035,-0.36012469888527476,-0.15922177088123013,-0.58210597507092,-0.6583473375903683,-0.39188163402340764,-1.1845521287395802,-1.0964266904010112,-0.23550536458356253,-0.3075984140343597,0.5908361031768304,-0.45507129353263914,0.19528633376637156
-3.546836580272331,-3.637549042190714,-0.6747960626226803,5.314651902019434,-0.4156611059091473,0.7191849795633823,-0.9926897002157058,-0.18892504536005764,-0.07580490582145745,0.7525172502565233,-0.2966950550334708,0.08974774462044105,-0.2082470111638595,-1.6195858539744707,-0.6289467241179325,-0.4073463189506672,-1.5178639392669044,-0.6244922350318023,1.8213761222597482,-0.3251991848619657,1.4799455189374964,0.02335481556699701,-0.9404697324723023,1.0054022347360505,-3.1724624591577024,1.9261726604664826,1.3138531484515685,-0.34488754080795425,-1.504938158214056,1.5798565893994103,1.679905945653834,-0.5243851661048471,0.29664636094300306,-0.2506264605031128,0.03583396623086712
-1.4648269505669451,1.7840747101403203,-0.7322552006717907,-1.8883105110688656,3.140314326778194,1.4061053270022539,2.736479917116818,-3.0142483292901137,-3.272183760851924,-3.166795492678841,0.6197740470840499,1.576842153426539,1.6098544005671762,0.2973135542780137,0.4590509224381777,0.8537200405092858,1.683014391060242,1.5956966578737792,-1.639382322120962,1.717573039951741,0.37093188548265077,-1.1365262269027265,-0.26713252164812995,-0.2942180264461506,-0.6180386415312819,-1.0646518676650987,1.0182696817633639,-0.49169160024381275,-0.514630861789425,1.1153081938831697,0.7130617699696714,0.4266381047533154,-1.2461630217276252,0.2524629176723321,-0.07287110198253977
5.340966704649891,-3.0340844918086867,0.6338864961827013,-3.956499000998186,-1.966943880978748,2.443023202267861,-1.8819096080224622,2.008106706245179,1.532856209165485,-1.2271878618860346,-4.792915398499658,-5.087013184456936,1.997871108815803,0.4634910254404123,-2.669411513968356,2.0163501824637327,4.23924536450912,-3.3706890781702485,1.6539101621324293,0.7741822861240023,2.258332507306131,-1.531672871390817,-1.6797670668838893,0.21318428166825507,-0.3921882164335503,-0.743833552167125,-0.8383488170391616,-0.5229949721201169,-0.6758545651407011,0.3520185932306407,0.3488704676553633,-0.5411018727508645,-0.43878015168413376,0.2727305528411331,0.059916021301378124
6.209882936112306,-2.172319974207887,-1.4603236692322856,1.2881173118513436,0.14343199238409016,0.7266080734020288,-1.3110704244983375,1.39429959533775,0.6182114470283175,2.2056464419428043,-0.22256624461134356,0.199122154820742,-2.276173418418333,0.2676573918543489,-1.1320323261858831,0.5439658970778255,1.3909641698044595,0.2535544422355629,0.45305255989649856,-0.2841056973298282,-0.7461145298709523,-0.440721845779753,-0.03349049588362451,-0.056379234098243275,0.3833293726579312,-0.740011488381119,0.8255859406776724,0.247023321671936,0.563477756845932,-0.13244537161693537,-0.3731161994969211,0.2921397329063861,-0.0698699156048813,0.49434548969872666,0.1849860739194354
-1.6691574224096888,0.3893558443938077,-4.424846394071863,3.8238380131510903,0.3966082698012124,-1.8428939438923442,-3.3232780245408464,-3.6469715862599172,0.2111916771939025,0.32468933616011186,-0.46203770748282674,0.24826659520758393,0.942955140988804,-0.086243234574743,0.20866957191094487,-1.3556311720508811,1.1685056170767583,1.1039788313333805,-0.44032877842150525,0.6607672993629458,-0.8772985591384906,0.26513666564003197,-0.43972142419611865,0.33396760333577336,-1.1988978022549974,-0.7953039040003274,-1.303503221609516,-0.36871995712101585,0.7167338185528038,-0.49192871368616703,-0.647278539281664,-1.1497281548462615,-0.4369113103302934,1.1855843418459329,-0.14647881150651254
0.5654112681769651,2.51647367663519,1.8308400975070656,-2.47973822528721,1.7101223466176918,-0.44552399876182747,3.1416099578890404,-2.254138907174966,-1.5188143749211944,0.7371806470205361,1.193498341884681,1.5333123633099446,0.26915760171471464,-0.1945137398729416,0.2920587888055955,0.34278233052771845,2.642919922194837,-1.6092654142811749,-0.4771318188167613,-1.7073816951975358,0.5953407849126979,1.9686740230083897,0.0919881168829282,1.679208455174846,-1.0307153837740397,-0.2893099722924664,1.3275659421843544,0.32233062795859213,-1.1455844744326809,-0.25631845160846567,0.31082417800907125,0.3019078040446866,0.1020522273165352,0.24391472476823806,-0.05334194099715489
-6.85734593738997,6.890432662508321,-1.6075263221674077,-7.880112330750461,-2.8165053323969707,-2.3714720704046135,0.10865576190518193,-4.378736578680004,-1.43082487890871,5.037518234531314,-3.1281468352020987,-3.287389742279178,-3.8072956812654537,-2.9742717514864414,0.45091789379399216,1.7752420795268629,-1.219315355560027,1.5668466852360068,-0.2756604043521934,1.3382874654358254,0.23463649471877096,-0.6243290058604746,0.7400427283091735,-1.4792794794657875,-0.41352417003127945,-0.3317439912769135,0.9450949500579258,0.2727170686980362,-0.8348885142560442,-0.8737086120949107,-0.5057422092447336,-0.4153560954121627,-0.29890564908564765,0.19724822276447426,0.03174544586248945
-3.3747786028942808,1.9552753313622058,-1.8298948834462156,1.8711136272589792,-0.43283209211216284,-0.661038376871227,-1.3322371772614474,-0.1637959210141818,-0.3066700242299124,-0.6822346485720208,-1.5744861738003186,0.2652628855461624,1.8206654164510048,0.18788390835111024,0.8939431145476107,-0.5535132892464003,0.5841821466822914,-0.2711499573612036,1.3911391535503426,0.05228326334138228,0.4715670188404691,0.6772111945827326,-0.1340660523165097,-0.43264290910987807,0.2565134193965923,-0.4068722353462352,0.29372566211540996,-0.22517122278017587,1.132710443284246,-0.3575343725072464,-0.5884180140853609,0.04974348762267238,-0.08764610750015887,0.22601673910521589,-0.39089395406183913
-2.5920735810410185,-3.0542212635044805,0.465574002642159,2.185394052811831,1.1617091412158331,0.453800007295305,0.7105931501589262,2.1084845975644986,-0.24680274499821733,-0.018429665144035882,-2.181808752690362,-0.10880629678567184,-0.9605657851447246,-1.6106340296009707,1.9457440662317784,0.24396650787156302,0.6340567980818372,0.2598579167486404,-0.29288546574387136,-0.909767459303482,-0.16795062094717514,-0.17014252572827454,0.5546717717698488,-0.4611959342068557,0.4352888208732286,-0.010337219106362995,-0.9518818398435792,-0.02064281720533881,-0.9159935110366634,-0.18176586628328123,-0.14162859973041678,-0.21561417306049077,0.26822870922855957,-0.5660371952387518,-0.27205595846257197
-5.050447819171502,0.852456221946985,1.310957416343525,1.515421438212492,-0.3107222311259988,-1.0478351141908628,0.45833861613329885,1.0192366404191,-0.2161956239878116,0.5568183687437336,-0.22197536742094115,0.2976000707652287,0.26044168532375145,0.20702302279492027,0.24448874584096258,-0.4776733422629197,0.039141830445415665,-0.4489353242309051,-0.40175452428359115,-0.09225853136148787,-0.10704234652922467,0.3173804212414869,0.22708191811781445,0.04439749583877106,0.13343895308788886,-0.16314726418682224,0.06195867337623611,0.6167982534702912,-0.09978180053269096,0.37037280332241557,0.3084457332364273,-0.290651337329982,0.3282545875257927,0.011897789804786792,0.31359168389151937
6.141829517434804,-1.278265281366683,1.437746448355266,2.664691803491383,-4.017578734723185,1.079402505940287,-1.281592917938986,-0.593184996322423,-0.6979396399558447,0.3555647333682263,1.6001712117903628,-0.1807036948632947,-1.0114229910829,-0.7709235969909546,-0.5019799405601969,0.19055981883785406,-0.10883496059916219,0.24645669771902068,-0.830630680654837,-0.17520362026486982,-0.7703501432809942,0.3895130992729197,-0.501805170547267,-0.5192079165399706,-0.7579333793427697,-1.2078244034853138,0.24073004738727283,-0.8716154383734731,0.36346616154449896,-0.036537419646461546,0.06013622788597211,-0.041704680030426926,-0.4446407904390343,-0.2533759206098982,0.21080748480398379
4.64465952258535,-0.028597251126040182,1.9202334206773035,0.8086276940068513,-0.8701365128834269,3.2090454974497415,2.008095523632715,-0.35262136458497,0.03640826837609268,1.2532152926212021,1.028314023565668,-0.058348271552166674,0.15498877992344876,0.44855723569379413,-0.4885995913684078,-0.44704910166266754,-0.1287892120894839,-0.18831942224444592,0.33964452717068255,0.6229940385401546,-0.5698847141289297,-0.5311085038113766,-0.7280490010668293,-0.05106206217140402,-0.4397314315367797,0.18403494368308856,-0.5431050136794945,0.47196281371868426,0.3493121456776659,-0.46367065947513914,-0.267539084994928,-0.9261580374901939,0.785453952142324,-0.7125694319275188,0.35852991036675724
-2.1138858753135854,2.659040467749391,1.3509300058816163,-2.003912163863828,1.2065972928259903,0.1080642515449248,1.8752781177778368,-2.3680578102621985,-0.7394355260032546,-0.1790055500066391,1.1599276892190515,1.6869963796090106,0.17737954828772395,-0.8935534996259162,-0.6952100358868333,0.021097883144873666,1.8044163715445438,-1.3837992502074488,-1.2442792753369214,0.15558591195516974,0.30031106825443565,1.369161719865904,0.3295176782049272,-0.8520535175272654,-0.027596150850706193,0.8176917595260434,0.2039029793744787,0.10261971458420477,-0.3294637722425985,0.4455989627337302,-0.24539148223891472,0.23392752239039324,0.5815743010972019,-0.3297968508762709,-0.6848175687977764
-4.227865596414023,2.609393117451559,1.1361859435841086,1.0685775980918162,-0.3943246671563658,-1.4200745212879966,0.3932545879274204,-0.6584421891555984,-0.5316363748310908,1.5397340699422735,-0.6250336411631447,-0.4605052143522672,0.665339801380295,0.8061285768420995,-0.8590979488494128,-0.7108134135657324,-0.014004454768014981,-0.5581662224458901,0.9831398525810541,-0.04978329857944746,-0.31139851196676993,0.7735158945281341,0.11971497601066097,-0.11591965028491585,0.664029390908103,-0.16947837188691503,-0.17856413155607073,-0.3127449283467307,-0.16624856708314387,0.15200542302086495,-0.4255942086167384,-0.8365309458488914,0.1401343711398217,0.1465835776137336,0.5753458141493336
-3.082242338860547,-3.0050165505882886,3.9362790673133308,-3.6144005550164118,1.0417928350820287,-1.7182720043389916,-2.4286627470648305,-0.9659772847611143,0.1954676276377303,1.0553302125748683,-0.12442330737315864,0.915839835160239,1.2940026038795651,0.5855837577752777,0.548559229609545,-0.7818630728386127,0.20818284374028576,0.08349365640260392,-0.5925713385943445,-0.11940818868953329,-0.23762811900698622,-0.3577330979516206,0.8786216509906597,0.9038988116780566,0.21689605387654412,-1.0282190287561572,-0.8001291609705345,-0.19281094612534205,-0.938473971979292,-0.1523734755126682,0.47805756073081646,-0.9850389957858863,-0.4122473381008954,0.9491921189012339,-0.04211625005370733
-5.450412483084113,-7.126422587490007,3.5441040994867055,-5.70477084596839,2.426798742239337,-0.6494493600500679,-3.1063253180539023,-0.21270400638901144,0.917856939850912,-0.2858992298685717,1.9090647455420344,1.8877171889238227,-3.0055290102813994,-0.5583681800161556,-0.07584202788613195,-1.13996950489154,-0.6563480470378473,-0.06375902977252891,2.6453974711916324,2.3313406714820633,0.4328615919894959,-0.3304600542699085,-0.4845198017559191,0.22177421915090575,0.5223326839861561,0.19803920994337762,0.10760049097204175,-1.1181158481945692,-0.036523400509184886,0.8686365616620163,-0.7705678605604022,-0.2225046312241702,-1.0803938592730007,-0.9145167312210036,0.11508248212629879
2.76838758216132,0.8980436819987897,-0.5118963891421235,0.6222314787883653,-0.5614042957552463,4.126619486995032,0.300110161518991,0.7333632441339096,1.0957732391617858,-1.389178377997076,-0.8548799684826902,1.6438751513672227,-0.19315891307315505,-0.5422057584631845,0.4140044954370924,-0.13720802748212493,-0.8545529925333042,0.5887222477426084,0.2147708025074418,-0.20422096773434803,0.42244518621565247,-0.6496216992186209,0.03942164582715959,-0.2611497561478275,-0.34922252523344816,-1.1908520369067785,0.22038668867994946,-0.8070383519008095,-0.38234024517015014,-1.877426086961689,0.38641178543834764,-0.2819578449458932,-0.4107189469124829,0.38793948550869395,0.8067763783464699
4.3949905085796,1.2462018570231166,1.3372146136481846,-2.567161897558027,-3.8981686981787766,1.9211948354384445,-0.9667175307286393,-1.270951659457472,2.019775804965237,0.41584258721687406,-0.5589109776379978,0.28256871208200385,-0.06005746834551,-0.3989784633317292,-0.4421871443293167,-0.7610535378156572,-0.14812269927849528,-0.3678824202340737,-1.3970520720760666,-0.1894309825743262,0.6037240507242696,0.5504352620776523,0.009548306049214413,-0.11412010371957367,0.008660223030173175,-0.415995794766586,-0.0587319088785508,0.2601095590471485,0.7619566630007325,0.8673867148468539,-0.09564104892640822,-0.006318362695006566,1.2288444406293464,1.3323611335605816,-0.7480026140908399
-1.5922615892916174,1.986194993801758,-2.849833698449516,1.1717006525940024,2.238210270520393,0.1746069903450769,-1.7367217372697992,-2.5400711806075407,1.4127055296559672,-1.9707985420242844,2.2623424994200043,-2.458366047039323,-0.08793220978523554,0.3352019906410632,-0.9360656002512077,-0.3379322149181156,-0.6329717733756576,-1.1109271721901826,-0.33954449394881964,-0.7251088171817563,0.4716093141517763,-0.8596356437939935,0.26042154118259475,-0.14029287872857157,-0.17959065358328513,0.9128777708678764,0.3895645513226145,-0.5032809242268607,-0.21093993896182628,-0.08296249016458448,-0.48238844982107665,-0.04413635197011047,0.6662120360505863,-0.44193431471407907,-0.6091630828123714
2.489062735097804,2.1106453074019265,-2.4881546134307913,0.27917911238431276,-0.09842419448140216,-3.379832884996419,-2.663878210770142,1.5046177099860611,2.3339156280673214,1.9965439922148882,2.25175660585729,0.236500166584471,1.6389792050454373,-0.6308186548099591,1.211374539940207,0.22352869969032288,-0.46295049189582554,-0.2722529195676046,-1.7806624720510948,-0.3989053924439049,-0.6639794599771891,-2.009559439038449,-0.2977027369767639,0.34015983390557536,-0.883922343657994,1.3225645354255888,-0.5819449649833868,-0.25632945643315586,-0.3515199852543629,-0.5600037517173879,-0.4822716449954599,-1.2171754082302932,-0.1498814250978296,0.0984524980381649,1.1902194742273489
5.071190342361707,-0.9067229390588641,-2.4043887610516457,0.7036571606021566,1.398441873135545,-2.485391859121435,-1.2754404575026952,-0.14275124087127034,-3.4140052942345025,-1.5427473294167238,0.5702517156948365,-0.6413283381270191,-1.0046180031201724,-0.7521431743622542,-0.45158695910948504,-0.12208038540517861,-0.9541426848878963,0.025579283739511564,0.5083627398135394,-0.5245653141408344,1.1832551392418504,-0.09117084684095647,0.35331421015569153,0.2815766935032117,0.08768198643981623,0.09985758257739452,-0.20190350094845708,0.8119381271989852,-1.0327057270194246,1.027081157037371,-0.28194900392506766,0.23117578984037876,0.7239071658806624,1.2278564585982776,0.7374663830765158
4.2704805573269,0.9636463592001103,-1.2349208287213522,-1.6061393878248622,0.958395419748575,0.4921368841680372,-0.09177644037416459,2.0638592576233945,-0.8959234113192308,-0.4308698756084976,-0.4274459747813043,0.4536761021800914,0.6680404857616867,-0.3636706911351464,-0.6062367034657389,0.2503881721941568,-0.6487058907196838,-0.14157116102357184,1.0100649699723585,-0.9122699197128672,0.8179368658009057,0.46757012019466504,0.944539662805603,0.052724334127682536,1.0041758979854882,-0.21762744011585453,0.7874038535337703,-0.22663567244894234,0.5817002153810908,-0.946443062538166,0.9454638372289978,-0.5816660135044495,-0.3488038613215996,-1.188008200928661,1.253601708971181
1.4864648481729412,-0.5725599138322087,1.1224490725625156,0.36868933984675206,1.0239162774898865,4.408097816920669,1.6766008512628072,0.1437734378792263,0.6207362153182282,-0.7185596745904642,-0.47615316589374757,0.49312141644799384,-0.19388062629418332,-0.05746181045197712,0.959032881403171,-0.6786761801347734,-0.8474338676902368,-0.8947803079596547,0.4789702398318446,-0.3018598453214118,-0.8881789617321472,-0.7471210860391506,0.8792330602753352,0.03490362855176763,-0.46601839955109675,-0.48994527613552297,0.4270484881140937,-0.8811359622270286,-0.6909159827483904,-1.5692453363271892,-0.03824283204117615,-0.9016756513368855,-0.10165741573585739,1.06392380017879,0.894193278203381
0.7905323298926001,0.6598827063455356,3.5529351993474254,1.0439753964188219,-2.1943083023450005,0.30406316835469477,-0.11341701763757064,1.5141279293367105,-1.8641373904395089,-0.5087859576426581,1.076603592907198,-1.2494075736396184,-0.21999050130050582,0.8654568225947089,-0.5587598596154276,-0.574769745247649,-0.18992703320482474,0.7848324205980122,-0.25209050482656953,-0.22894923635806036,-0.4998257297634528,-0.47056939974233347,-0.4698002166785999,-0.4179330433814339,0.16198214759776333,-0.12941052629719213,0.1606728635469957,-0.8654884736896366,-0.17416017967463424,0.09357687361401228,-0.33708763026097616,1.0031519897521763,-0.3032698864209595,0.7087014053657514,-0.07939725047192843
4.17002988028869,0.6090002776349221,1.5287437201440293,-0.09655364387480833,-3.280493238783693,1.3052218595017173,-1.0168519225160768,0.03526407158033643,0.9933614317325423,0.007101230505945512,0.3888304129002226,-0.7166021438149321,0.47855449236063247,-0.45656310027518404,-0.5733634520406067,0.224582955050773,-0.5109795229550625,1.1186287370317356,-1.3389788541051115,0.9269961562687188,0.43823219600179125,0.6164205699236368,0.05894691842631737,0.18141768587408372,-0.30420269985163184,-0.009427494283951931,-0.7762057069632448,0.20028441807916705,-0.5879378725122121,1.6736379822292342,0.04582370107210289,0.5762094837463793,0.8344625875827354,-0.6907842472292018,0.8546329421673573
-2.069429435611991,-9.479930722451284,1.299346001971532,-4.973199486361484,5.493049961572234,-0.3306797070921739,-1.152300365667786,-2.2977283674946456,0.22009151217034967,0.10211068380384575,1.9050884423834322,-0.3829737060219802,-1.9713777214374075,0.6443786567955975,0.5737047358827437,1.8595987322431957,1.4936730520205943,-0.13107842995062932,-2.742704832306019,-2.085251337826295,0.43558374481878975,1.3711419539817404,-1.2615800904102898,-0.3661805660752132,-1.3808831729358066,0.4077648052541799,-1.5920584543333451,-0.39602868251569373,2.1991148782271783,-0.2599273887202189,-0.1109677908867019,0.4579229545900239,-0.04081312520959635,0.7712754423870887,1.1482371856958715
-4.782239199691447,-0.29938842526070464,0.37368854988460765,1.6236897126142782,-2.25321571882772,-1.382086902541371,-1.014204207292842,2.0123443543342474,-1.0172274934755567,-1.964193120098319,2.857882766723979,1.00056480981409,-1.260422758861897,0.5055520263302089,-0.3654028143123764,2.68852189665648,1.6093782083272217,-0.15322408846411045,0.41407223388189984,0.5644797992408941,-0.5565223391647885,1.1048541334860853,0.8417850729306396,-2.752726502055824,1.1956499244438135,0.5279966359790474,0.4192065833567263,1.421400617829763,0.8594554430837261,-0.254430450279645,3.3631330383300986,-1.6486372427271212,-0.3580968924343746,0.7497137644267611,0.3081131132045496
-3.8644552871633895,3.4643707626425058,-2.9681282103414066,-0.47656331978746147,0.48304268184365395,-0.025531171692587725,-1.1415862635660103,-1.267111307526467,0.03742411236920848,-4.473964079009081,1.0647605211512132,-1.0846036177855014,-0.26523188493864164,-1.348286421160454,1.554291658899514,-1.686948614723549,2.773717553729263,0.8574568802778054,-1.0850006793543792,1.8531028488058294,-1.737307701218823,-0.157866571789817,-1.5950641088962754,1.8776452634398604,2.3490648359440565,0.3018644991674723,-0.4584405395392289,-0.11701101902755023,-0.7147805112056864,-0.24622171154997868,0.525891818658152,-0.1734397137123858,0.6178983872448495,-0.07973404810882474,-0.17199424311316494
-8.496720718338727,-13.756910570684902,-13.866521434398011,-5.467006534919612,-8.497214893999315,-0.40238486203293533,4.2474294158848425,-0.09231202977392426,-0.49322622666856886,0.3089313446427623,0.46236358916411874,0.4868865614313751,0.8955265789706509,1.4939111112006906,-1.52586645420686,-1.8710923610628205,-0.24845026005086945,0.35535849149807613,-0.4090549378200537,-1.4584564475957762,-0.5728662351610292,-0.1668706830730887,-0.007261080199797258,-0.4729502977411156,0.30071010025961015,-0.283180368743845,-0.08091853182291661,0.1670193126048469,-0.6318146463556733,-0.10875347108822947,0.14483576149179062,0.3913716984888715,0.08722732712950555,-0.38928830668925946,-0.14485018755173293
5.021566840530446,-1.5041025115592377,-2.9668893942715933,0.2749746845624532,2.758265420227289,-1.1856248221639976,-0.8663685779085081,4.48923781080396,-0.9098445564560903,1.4018720819853832,-1.349196705754721,0.4671385412125317,-1.3285689462862698,0.13719289131456724,-2.12802994679731,0.4827916478460142,0.18893113522865052,-0.49054036106339066,-1.7599860619701124,2.4068939311370467,-0.8126757663669831,-0.040805238138531354,0.5369737871406584,0.7463005845321441,-0.9119409074709142,1.2116942075214125,1.585753003457702,0.5546088019022162,-0.3817479930859933,-0.15887372549101483,0.443981475115586,0.9197703727800681,-0.9722354002345379,0.5048818668783023,-1.7234571471721096
-2.040197256047419,-7.447609862419823,2.582638243733981,0.8295502302427379,3.6895883483821423,0.291069166612221,-1.0453009112883436,-2.6505718218304772,-2.0570202892642144,1.3728190062225638,-2.802156605531363,0.21304290189810762,5.190379870989185,-1.2861842697282142,-1.6094277265653711,4.119949038839031,-2.512794083007492,0.5610408953387935,0.034576159414419966,-0.6683507892523883,-4.19458361728327,-0.15737896436092855,-2.0209698461661745,-0.2617707886731222,1.7350106414344113,-0.2759561635843275,0.9054105840371868,0.15425140824520825,-0.12808127492482327,0.2095482326827649,0.27271369994977235,0.01748681681316924,0.6542932027170962,-0.11421781875100835,-0.2201325227609116
