MW,#Heavy atoms,#Aromatic heavy atoms,Fraction Csp3,#Rotatable bonds,#H-bond acceptors,#H-bond do0rs,MR,TPSA,iLOGP,XLOGP3,WLOGP,MLOGP,Silicos-IT Log P,Consensus Log P,ESOL Log S,ESOL Solubility (mg/ml),ESOL Solubility (mol/l),ESOL Class,Ali Log S,Ali Solubility (mg/ml),Ali Solubility (mol/l),Ali Class,Silicos-IT LogSw,Silicos-IT Solubility (mg/ml),Silicos-IT Solubility (mol/l),Silicos-IT class,Pgp substrate,log Kp (cm/s),Lipinski #violations,Ghose #violations,Veber #violations,Muegge #violations,Bioavailability Score,PAINS #alerts,Brenk #alerts,Leadlikeness #violations,Synthetic Accessibility
-0.5331928302547523,-0.5885363320085134,-0.3976859794116252,-1.5662149520489865,-0.6955737181720191,-0.5998532049002837,-0.4243489469900033,-0.5336845364690966,-0.46422395824506946,0.12588814849303445,0.7666535158511609,0.2929408653675357,0.18841697644694608,-0.23809037731707688,0.18817044867711574,-0.5862071346698976,-0.24018263174828344,-0.23247582651223328,-0.20416845743157058,-0.5849024618015328,-0.24100441022566707,-0.23990847916358257,0.23328473740792163,0.7272974510666176,0.0076043523770972735,0.06711126790578673,0.2950844454253273,0.5947617141331807,0.7904502671731137,-0.766651877999928,-1.1066510091027943,-0.29508444542532736,-0.43966287138294763,-0.20416845743157164,-0.20416845743157042,-0.7856095447572496,-0.437195460386289,-0.4902278713909193
-0.24692419968582585,-0.47588679971000886,-0.3976859794116252,-0.2703410423799377,-0.6955737181720191,-0.5998532049002837,-0.4243489469900033,-0.39616413618886775,-0.46422395824506946,0.12588814849303445,0.5652271229465664,0.9408106690203565,0.7415583179769245,0.5822886122877915,0.2569350596895286,-0.5769442679821112,-0.23998303559043585,-0.2323972030764352,-0.20416845743157058,-0.31730002829756326,-0.24082824910859196,-0.23971915053209383,0.23328473740792163,-0.08797449865632762,-0.3524158739527102,-0.3965167142395976,0.2950844454253273,0.5947617141331807,0.5168414575412789,0.12777531299998793,-0.43719546038628915,-0.29508444542532736,-0.43966287138294763,-0.20416845743157164,-0.20416845743157042,-0.7856095447572496,-0.437195460386289,-0.5142010906505545
-0.3917858627137112,-0.47588679971000886,-0.3976859794116252,-0.2703410423799377,-0.6955737181720191,-0.2620048481173652,0.1697395787960012,-0.5120183027269162,-0.1513355205481661,0.12588814849303445,0.41680767554318093,-0.4727234480403435,-0.5055239792906632,-1.0478150943296745,0.07028825837012229,-0.3083211340363116,-0.23831973427503894,-0.23049620071803156,-0.20416845743157058,-0.41096088002395265,-0.24091167342614955,-0.23980367224257987,0.23328473740792163,1.3387514133588267,1.3841522765793022,1.734837822385587,0.2950844454253273,0.5947617141331807,0.47306404800018526,0.12777531299998793,0.23226008833021605,-0.29508444542532736,-0.43966287138294763,-0.20416845743157164,-0.20416845743157042,-0.7856095447572496,-0.437195460386289,-0.32241533657346966
-1.0393842348838982,-0.9264849289040271,-0.3976859794116252,-0.7022990122696203,-0.6955737181720191,-0.9377015616832022,-1.018437472776008,-0.9324034213078353,-0.7771123959419732,0.1910848871132146,0.3691014245920927,0.09100742007315003,0.6007587037692935,0.28396897970420304,0.24711154383061246,0.20113653379192864,-0.2313696937017806,-0.22049979245227533,-0.20416845743157058,0.22459489954797435,-0.23965642846196916,-0.2379960345943182,0.23328473740792163,0.2687069793474611,-0.29216908151415216,-0.28622439810333355,0.2950844454253273,0.5947617141331807,0.7138398004761997,-1.6610790689998438,-1.1066510091027943,-0.29508444542532736,-1.1346138616334132,-0.20416845743157164,-0.20416845743157042,-0.7856095447572496,-0.437195460386289,-0.9217458180643626
-0.17924357446629363,-0.25058773511299975,-0.3976859794116252,0.44958890743620133,0.25117939822878477,-0.2620048481173652,-1.018437472776008,-0.16445580311277092,-0.5842444365707229,0.12588814849303445,0.7931569886017655,0.6294966075248453,0.7315012026763794,-0.05696774324846962,0.2353233247999131,-0.6880986682355456,-0.2404078171571372,-0.2328773676307735,-0.20416845743157058,-0.5113117925879411,-0.2409609519765208,-0.2398712896109687,0.23328473740792163,0.0852707906597982,-0.31517240226341975,-0.3542676415261094,0.2950844454253273,0.5947617141331807,0.6591180385498329,0.12777531299998793,-0.43719546038628915,-0.29508444542532736,-1.1346138616334132,-0.20416845743157164,-0.20416845743157042,0.7541851629669599,-0.437195460386289,-0.2624822884243795
-0.034224879825370966,-0.13793820281449523,-0.3976859794116252,-0.2703410423799377,-0.6955737181720191,0.7515402222313903,1.3579166303680104,-0.32725347609221006,0.8901823931695543,0.14280628952738503,-2.5356791888741657,-1.061695996815635,-1.4207214716402639,-0.11023910620982465,-0.16154671590029818,2.6928476728064137,6.411343974973249,6.504752347126242,-1.8715441931227286,2.5125957060069126,4.783750493870448,5.146814523103555,-1.3997084244475306,0.5030976648928076,-0.1293201758923528,-0.15080500187957382,0.2950844454253273,-1.6470324391380393,-1.841666481485138,1.0222025039999036,0.23226008833021605,-0.29508444542532736,0.9502391091179835,-0.20416845743157164,-0.20416845743157042,0.7541851629669599,-0.437195460386289,-0.1546028017560189
0.2368902000853543,-0.02528867051599067,-0.3976859794116252,-0.2703410423799377,-0.6955737181720191,0.7515402222313903,0.7638281045820058,-0.1776962792885478,0.81919089890219,0.115159571251739,-1.7988826464073597,0.6294966075248453,-0.6060951322961139,0.5822886122877915,0.00348835052949264,1.6831952038377191,0.3415736363249305,0.3187727377270756,1.4632072782595873,1.6094374929310158,-0.0005371130366230668,0.003386700992443159,1.866277899263374,-0.08797449865632762,-0.34365270414346544,-0.3965167142395976,0.2950844454253273,-1.6470324391380393,-1.4203089146521115,1.0222025039999036,-0.43719546038628915,-0.29508444542532736,0.9502391091179835,-0.20416845743157164,-0.20416845743157042,0.7541851629669599,-0.437195460386289,-0.2624822884243795
0.31281498498939997,0.42530945867802755,-0.3976859794116252,1.7454628171052509,0.8823481424959874,0.41369186544847175,0.1697395787960012,0.6402040444787668,-0.2674893597525034,0.253393162629969,-0.6910374854320893,-1.60018518426733,-0.3848385956841223,-0.4085587387934132,0.08600588374438807,0.7291199349957415,-0.18761207448133949,-0.18357485742567564,1.4632072782595873,1.1478232951366687,-0.19144299321491007,-0.19078784189750964,1.866277899263374,-0.17969259300015927,-0.357527723008103,-0.4123045256220065,0.2950844454253273,0.5947617141331807,-0.6377877191050639,1.0222025039999036,1.5711711857632267,-0.29508444542532736,0.9502391091179835,4.797958749641903,-0.20416845743157042,-0.7856095447572496,-0.437195460386289,0.5765803856628698
0.658363049480306,0.7632580555735412,-0.3976859794116252,1.4574908371787951,1.1979325146295887,1.0893885790143087,0.7638281045820058,0.8382093472892502,0.3094131971478672,0.25215524987135807,-2.0957215412141306,-2.054535436179698,-0.937979937214101,-1.2502462735828237,-0.09474680805966858,2.0907613381003114,1.4879720813984747,1.2678699270039337,1.4632072782595873,2.4657652801437178,4.7061464775378115,4.312866979641192,-1.3997084244475306,0.88016094163967,0.39464435228540956,0.3072638917508779,0.2950844454253273,-1.6470324391380393,-1.8143056005219542,1.0222025039999036,1.5711711857632267,-0.29508444542532736,1.645190099368449,-0.20416845743157164,-0.20416845743157042,-0.7856095447572496,2.240626734479732,0.8402857975188636
0.30472785691792476,0.42530945867802755,-0.3976859794116252,1.3135048472155675,0.566763770362386,0.41369186544847175,0.1697395787960012,0.45363369836554607,-0.053586883561293736,0.18076894745812283,-1.427834027898896,-0.27920389629989045,0.35938793655621204,-0.12089337880209568,0.06242944568298938,1.4794121367064228,0.11434108739071008,0.09975030943241599,1.4632072782595873,1.9171802914605804,0.463146884550883,0.45867698147730057,1.866277899263374,-0.02682910242710666,-0.3297776852788278,-0.3831749018037593,0.2950844454253273,-1.6470324391380393,-1.1740609859834605,1.0222025039999036,0.9017156370467213,-0.29508444542532736,0.9502391091179835,-0.20416845743157164,-0.20416845743157042,-0.7856095447572496,-0.437195460386289,0.5406205567734171
-0.23436167064275706,-0.47588679971000886,-0.3976859794116252,-0.2703410423799377,-0.6955737181720191,-0.5998532049002837,-1.6125259985620124,-0.7226622418870045,-0.3766832485384717,-2.0429350045934647,0.14117155893689362,0.05735184585741908,0.5303588966654781,0.5822886122877915,-1.8904855070695354,-0.11380093359280169,-0.23597575888287967,-0.2281655774425884,-0.20416845743157058,0.15769429117198225,-0.2396622487631941,-0.2384130083660494,0.23328473740792163,-0.08797449865632762,-0.3524158739527102,-0.3965167142395976,0.2950844454253273,0.5947617141331807,0.20492741456098698,-0.766651877999928,-0.43719546038628915,-0.29508444542532736,-1.1346138616334132,-0.20416845743157164,-0.20416845743157042,-0.7856095447572496,-0.437195460386289,-0.6340671869487338
3.063930329614908,3.1288982338421367,2.6791476507730523,1.1695188572523396,2.775854375297595,2.1029336493630644,1.3579166303680104,3.390010210257177,1.6076759485209804,0.3231289146983896,-1.1521979112926086,-1.3309405905414826,-0.4250670568863026,-0.4085587387934132,0.129229353523619,-0.4380012676653184,-0.23704538957493487,-0.23159131285950485,-0.20416845743157058,0.05065331777039443,-0.23930333018765565,-0.23891675776054627,0.23328473740792163,-0.17969259300015927,-0.3159026664141901,-0.4123045256220065,0.2950844454253273,0.5947617141331807,-2.1481083482727925,1.0222025039999036,1.5711711857632267,3.3197000110349286,2.3401410896189145,-0.20416845743157164,-0.20416845743157042,-0.7856095447572496,2.240626734479732,3.2256211138526183
0.6974639211268573,0.7632580555735412,-0.3976859794116252,1.7454628171052509,0.8823481424959874,1.4272369357972272,2.5460936819400195,0.45212909880011654,0.8997716581904185,0.1473453029756254,-1.3112187477962358,-2.820199749587577,-2.205176465082779,-2.7631529816853084,-0.2774642030355085,1.1366860692583338,-0.07911365021545048,-0.09400030021285975,1.4632072782595873,0.9002910441454971,-0.21821637884966988,-0.2190744410068411,1.866277899263374,1.8075327844495201,6.255014162217874,5.919719656426898,0.2950844454253273,-1.6470324391380393,-1.2561436288730112,1.0222025039999036,1.5711711857632267,-0.29508444542532736,1.645190099368449,-0.20416845743157164,-0.20416845743157042,0.7541851629669599,-0.437195460386289,1.2718037441923058
3.5665885229506906,3.804795427633164,2.6791476507730523,0.7375608873626561,2.775854375297595,3.11647871971182,3.1401822077260237,3.544382125670213,2.0122810661755035,0.24802887400932133,-0.3252895614737465,-0.5063790222560743,-2.778432037213847,-0.824075369891983,0.0486765234805068,-1.7070140038920265,-0.2416412190556315,-0.23427854957588934,-1.8715441931227286,-1.4010898839886392,-0.24109646799004164,-0.2400282295229992,-1.3997084244475306,-2.6866538383982164,-0.42649021808610577,-0.48409904197465886,-3.319700011034928,0.5947617141331807,-1.7541116624029507,1.0222025039999036,1.5711711857632267,3.3197000110349286,1.645190099368449,-0.20416845743157164,-0.20416845743157042,0.7541851629669599,2.240626734479732,3.729058718304968
-0.2974098632776579,-0.3632372674115043,-0.3976859794116252,0.017630937546517886,-0.06440497390481652,-0.2620048481173652,0.1697395787960012,-0.4232469283665931,-0.367712645777018,0.1902596119408073,-0.2510798377720538,-0.08568434455943746,0.3795021671573022,0.45443734118053936,0.19013515184889895,0.48828540111330054,-0.21591378609409262,-0.206403733605619,-0.20416845743157058,0.6661389148295238,-0.23299994396103724,-0.23077224573811045,0.23328473740792163,-0.30198338545860076,-0.381261307908141,-0.4298712453291937,0.2950844454253273,-1.6470324391380393,-0.05773704268557376,1.0222025039999036,-0.43719546038628915,-0.29508444542532736,-0.43966287138294763,-0.20416845743157164,-0.20416845743157042,0.7541851629669599,-0.437195460386289,-0.3583751654629225
-0.7012166562057949,-0.5885363320085134,-0.3976859794116252,0.017630937546517886,-0.37998934603841783,-0.9377015616832022,-1.018437472776008,-0.5050971447259421,-0.7270007529297158,0.194385987802844,0.4963180937949946,0.14990467495067922,0.5303588966654781,-0.014350652879385509,0.2490762470023957,-0.10453806690501569,-0.23653872240501397,-0.22802517845009182,-0.20416845743157058,0.010512952744798996,-0.24033740370528806,-0.23905537336574337,0.23328473740792163,0.19737068374670305,-0.29983685509724134,-0.31535402192158074,0.2950844454253273,0.5947617141331807,0.6591180385498329,-1.6610790689998438,-1.1066510091027943,-0.29508444542532736,-1.1346138616334132,-0.20416845743157164,-0.20416845743157042,-0.7856095447572496,-0.437195460386289,-0.562147529169826
0.3051204359505203,0.42530945867802755,-0.3976859794116252,1.3135048472155675,1.1979325146295887,-0.2620048481173652,0.1697395787960012,0.5896494990803455,-0.09086128469078145,0.2179063302164533,0.3691014245920927,0.2592852911518048,0.07778870814095051,0.3159317974810161,0.26086446603309504,-0.3731612008508152,-0.2383299699754414,-0.23108587648651718,-0.20416845743157058,-0.39758075834875417,-0.24086899121716662,-0.23979803746188083,0.23328473740792163,-1.3516460207268932,-0.42197353431359086,-0.4792137149877361,0.2950844454253273,0.5947617141331807,0.13926130024934705,1.0222025039999036,0.9017156370467213,-0.29508444542532736,-0.43966287138294763,-0.20416845743157164,-0.20416845743157042,0.7541851629669599,2.240626734479732,0.46870089899450934
-0.5173326373378783,-0.5885363320085134,-0.3976859794116252,-0.2703410423799377,-0.6955737181720191,-0.5998532049002837,-0.4243489469900033,-0.5433139736878437,-0.46422395824506946,0.12588814849303445,0.8832687959538211,0.3686659073529304,0.2588167835507613,-0.5257557373083944,0.1940645581924654,-0.7344130016744763,-0.2406688275173995,-0.23304023046206954,-0.20416845743157058,-0.7320838002287158,-0.24104709243465,-0.239960431841628,-1.3997084244475306,0.9616881366119643,0.3179666164545174,0.4584710993570465,0.2950844454253273,0.5947617141331807,0.8670607338700278,-0.766651877999928,-0.43719546038628915,-0.29508444542532736,-0.43966287138294763,-0.20416845743157164,-0.20416845743157042,-0.7856095447572496,-0.437195460386289,-0.3823483847225587
-0.6780544932826371,-0.5885363320085134,-0.3976859794116252,-0.2703410423799377,-0.6955737181720191,-0.2620048481173652,0.1697395787960012,-0.7214585622346613,-0.1513355205481661,0.18778378642358523,-0.007247888466491885,-1.1458349323549624,-0.7267805159026547,-1.0478150943296745,0.05850003933942293,0.3678681341720802,-0.2244094174281198,-0.21359216202144374,-0.20416845743157058,0.14431416949678377,-0.23986595930606724,-0.2384693561730401,0.23328473740792163,1.3387514133588267,1.249053408686778,1.734837822385587,0.2950844454253273,0.5947617141331807,0.2815378812579011,0.12777531299998793,-0.43719546038628915,-0.29508444542532736,-0.43966287138294763,-0.20416845743157164,-0.20416845743157042,-0.7856095447572496,-0.437195460386289,-0.4063216039821939
0.6271137584856727,0.7632580555735412,-0.3976859794116252,0.7375608873626561,1.1979325146295887,0.41369186544847175,1.9520051561540148,0.987164704266741,0.7458794211620355,0.20263873952691744,-1.0302819366398277,-2.079777116841496,-0.31443878858030705,-2.1345508987413186,-0.07117036999826987,0.9421658688148239,-0.14359856275083735,-0.14819431131653832,1.4632072782595873,0.6728289756671232,-0.2308076304996402,-0.23047923714175883,0.23328473740792163,0.23813428123285035,-0.2366690060556017,-0.2993438469985747,0.2950844454253273,0.5947617141331807,-1.0208400525896333,1.0222025039999036,1.5711711857632267,-0.29508444542532736,1.645190099368449,4.797958749641903,-0.20416845743157042,2.2939798706911696,2.240626734479732,0.8163125782592273
2.034038495502839,2.1150524431555957,2.6791476507730523,0.16161692750974568,2.1446856310303923,1.0893885790143087,1.3579166303680104,2.115614378338643,1.2378705829583034,0.2608206391816351,-1.0408833257400694,-0.4138261931628142,0.47001620486220785,0.13480916341240878,0.17638222964641642,0.052930666787349465,-0.2278895555649502,-0.22490832081666784,-0.20416845743157058,0.23797502122317282,-0.23812180903899124,-0.2378833389803368,0.23328473740792163,-2.666272039655142,-0.4265555767275997,-0.484087923797629,-3.319700011034928,0.5947617141331807,-1.6282516099723066,1.0222025039999036,1.5711711857632267,3.3197000110349286,1.645190099368449,-0.20416845743157164,-0.20416845743157042,0.7541851629669599,2.240626734479732,2.14682624716901
-0.15089936831286996,-0.02528867051599067,-0.3976859794116252,1.3135048472155675,0.25117939822878477,-0.2620048481173652,-0.4243489469900033,0.11088591736077331,-0.6304894404616642,0.2381255719404332,0.32139517364100456,-0.026787089681908297,0.7315012026763794,0.6035971574723336,0.30015852946875954,-0.17864100040730527,-0.23674343641306284,-0.2290641309945665,-0.20416845743157058,0.15100423033438287,-0.2396603086627858,-0.23843554748884568,0.23328473740792163,-0.6892375615770001,-0.40729522488310577,-0.46166923163460855,0.2950844454253273,0.5947617141331807,0.2979544098358108,1.0222025039999036,0.9017156370467213,-0.29508444542532736,-0.43966287138294763,-0.20416845743157164,-0.20416845743157042,-0.7856095447572496,-0.437195460386289,0.12108921972979132
-0.6621943003657632,-0.5885363320085134,-0.3976859794116252,-0.2703410423799377,-0.6955737181720191,-0.2620048481173652,0.1697395787960012,-0.6612745796174933,-0.32146764188607707,0.17911839711330813,0.21008058808846544,-0.35492893828528504,-0.7267805159026547,-0.5257557373083944,0.12137054083648613,0.11777073360185306,-0.23244444224403701,-0.2232516127052082,-0.20416845743157058,0.017203013582398383,-0.2403102422995716,-0.2390328342429471,0.23328473740792163,0.9616881366119643,0.2887560504237015,0.4584710993570465,0.2950844454253273,0.5947617141331807,0.4347588146517282,0.12777531299998793,-0.43719546038628915,-0.29508444542532736,-0.43966287138294763,-0.20416845743157164,-0.20416845743157042,-0.7856095447572496,-0.437195460386289,-0.32241533657346966
-1.0630174926461713,-0.9264849289040271,1.6535364407114932,-1.5662149520489865,-1.0111580903056203,-0.9377015616832022,-1.018437472776008,-0.825877772075448,-0.8272240389542304,0.20181346435451009,1.5458556147189346,1.0501912852214823,1.3449852360096282,2.840994401849248,0.5143111751931311,-1.2253449361271447,-0.24156393951759303,-0.23400336755059603,-0.20416845743157058,-1.273978728074254,-0.24110118243403383,-0.2400239921679135,-1.3997084244475306,-1.6471821025014608,-0.4251428807279344,-0.48174865935054534,0.2950844454253273,0.5947617141331807,1.583915815105435,-1.6610790689998438,-1.1066510091027943,-0.29508444542532736,-1.1346138616334132,-0.20416845743157164,-0.20416845743157042,0.7541851629669599,-0.437195460386289,-1.3173039358483511
-0.6860631055475933,-0.5885363320085134,-0.3976859794116252,-0.7022990122696203,-0.37998934603841783,-0.2620048481173652,-1.018437472776008,-0.6669920579661242,-0.06843477778714747,0.17127828297543835,0.3425979518414882,0.015282378087755394,-0.21386763557485633,-1.9747368098572529,0.10761761863400354,0.052930666787349465,-0.23397979730440338,-0.22496448041366643,-0.20416845743157058,-0.3842006366735557,-0.24091167342614955,-0.23978564094434285,0.23328473740792163,0.941306337868891,0.2631968051467374,0.42956383907939655,0.2950844454253273,0.5947617141331807,0.5442023385044628,-0.766651877999928,-1.1066510091027943,-0.29508444542532736,-1.1346138616334132,-0.20416845743157164,-0.20416845743157042,2.2939798706911696,-0.437195460386289,-0.7419466736170943
0.34382872856447594,0.42530945867802755,-0.3976859794116252,1.3135048472155675,0.25117939822878477,0.7515402222313903,0.1697395787960012,0.4403932221897692,0.39107661539006444,0.2554563505609874,0.41150698099306005,-0.3212733640695541,-0.7167234006021095,0.6035971574723336,0.25300565334596214,-0.6325214681088284,-0.23998815344063706,-0.2326611531823288,-0.20416845743157058,-0.8926452603310976,-0.24106513536844734,-0.23999221200477075,-1.3997084244475306,-0.6892375615770001,-0.40492186639310196,-0.46166923163460855,0.2950844454253273,0.5947617141331807,0.15567782882725678,1.0222025039999036,0.9017156370467213,-0.29508444542532736,0.25528811886751795,-0.20416845743157164,-0.20416845743157042,2.2939798706911696,-0.437195460386289,0.4087678508454202
-0.5331928302547523,-0.5885363320085134,-0.3976859794116252,-0.2703410423799377,-0.6955737181720191,-0.5998532049002837,-0.4243489469900033,-0.6056043956966125,-0.46422395824506946,0.20511456504413944,0.14117155893689362,0.26769918470573756,0.5303588966654781,0.5822886122877915,0.26086446603309504,0.09924500022628066,-0.23254679924806146,-0.22375704907819588,-0.20416845743157058,0.23797502122317282,-0.23934601239663858,-0.23789460854173494,0.23328473740792163,-0.08797449865632762,-0.35789285508348817,-0.3965167142395976,0.2950844454253273,0.5947617141331807,0.33078746699163125,-0.766651877999928,-1.1066510091027943,-0.29508444542532736,-0.43966287138294763,-0.20416845743157164,-0.20416845743157042,-0.7856095447572496,-0.437195460386289,-0.6100939676890975
0.0774245970449016,0.20001039408101842,-0.3976859794116252,1.7454628171052509,0.8823481424959874,-0.5998532049002837,-0.4243489469900033,0.4443051810598849,-0.5409380784119822,0.2525678874575617,1.3709326945649447,0.9744662432360875,0.9929862004905511,1.5944445085535384,0.48484062761638264,-1.3735508031317234,-0.2415838991333778,-0.23412579547205306,-1.8715441931227286,-1.3074290322622502,-0.2410993781406541,-0.24002518674142173,-1.3997084244475306,-1.800045593074513,-0.42520130185999605,-0.4824869063053284,-3.319700011034928,0.5947617141331807,0.9710320815301249,1.0222025039999036,0.9017156370467213,-0.29508444542532736,-0.43966287138294763,-0.20416845743157164,4.7979587496419045,-0.7856095447572496,-0.437195460386289,0.3608214123261487
-0.5173326373378783,-0.5885363320085134,-0.3976859794116252,-0.2703410423799377,-0.6955737181720191,-0.5998532049002837,-0.4243489469900033,-0.5469250126448736,-0.46422395824506946,0.12588814849303445,0.20477989353834453,0.3939075880147286,0.2588167835507613,-0.11023910620982465,0.15869990110036739,0.015879200036205087,-0.23423568981446444,-0.22569455517464862,-0.20416845743157058,0.15100423033438287,-0.23978059488810136,-0.23843554748884568,0.23328473740792163,0.5030976648928076,-0.16291232682779125,-0.15080500187957382,0.2950844454253273,0.5947617141331807,0.3690927003400883,-0.766651877999928,-0.43719546038628915,-0.29508444542532736,-0.43966287138294763,-0.20416845743157164,-0.20416845743157042,-0.7856095447572496,-0.437195460386289,-0.5022144810207368
0.4384402754200861,0.5379589909765321,-0.3976859794116252,1.3135048472155675,2.1446856310303923,0.7515402222313903,1.3579166303680104,0.4780082113254992,0.4848039476907682,0.21831896780265697,-1.8094840355076012,-0.48113734159427624,-2.617518192405127,0.038920710081969574,-0.04955863510865442,2.11854993816367,1.5135613324045807,1.3633412419016055,1.4632072782595873,1.930560413135779,0.5116493947587811,0.48459697269302265,1.866277899263374,-0.8930555490077362,-0.41255312676865263,-0.46985220992858945,0.2950844454253273,-1.6470324391380393,-1.5133359099269355,1.0222025039999036,1.5711711857632267,3.3197000110349286,1.645190099368449,-0.20416845743157164,-0.20416845743157042,0.7541851629669599,2.240626734479732,0.732406310850503
-0.8036797837133234,-0.701185864307018,-0.3976859794116252,-0.2703410423799377,-0.6955737181720191,-0.5998532049002837,-0.4243489469900033,-0.7527542331955885,-0.46422395824506946,0.17169092056164204,0.4592132319441482,-0.3044455769616886,0.04761736223931507,-0.5257557373083944,0.16655871378750028,-0.0582237334660845,-0.23602693738489186,-0.22718278449511234,-0.20416845743157058,-0.1768087507079794,-0.2407196034857263,-0.23952644103218562,0.23328473740792163,0.9616881366119643,0.25954548439288544,0.4584710993570465,0.2950844454253273,0.5947617141331807,0.6755345671277436,-0.766651877999928,-1.1066510091027943,-0.29508444542532736,-0.43966287138294763,-0.20416845743157164,-0.20416845743157042,-0.7856095447572496,-0.437195460386289,-0.46625465213128303
1.1640833592703368,0.9885571201705503,2.6791476507730523,-2.718102871754808,-0.06440497390481652,1.4272369357972272,1.3579166303680104,0.7702014469318497,1.3960934558025602,0.18530796090636317,-0.3252895614737465,1.3615053467169933,0.19847409174749114,0.45443734118053936,0.2412174343152628,-0.5584185346065388,-0.2392204759104539,-0.2323129636809373,-0.20416845743157058,-0.8391247736303037,-0.24104709243465,-0.23998364713810819,-1.3997084244475306,0.1260343881459455,-0.26113285510641016,-0.3391469207654925,0.2950844454253273,0.5947617141331807,-0.7308147143798878,1.0222025039999036,0.9017156370467213,-0.29508444542532736,0.9502391091179835,-0.20416845743157164,-0.20416845743157042,0.7541851629669599,-0.437195460386289,0.4087678508454202
-0.9137589444532119,-0.8138353966055225,-0.3976859794116252,-0.7022990122696203,-0.6955737181720191,-0.5998532049002837,-0.4243489469900033,-0.8974967113898779,-0.46422395824506946,0.20841566573376882,-0.31998886692362555,-0.6073457449032672,-0.17363917437267604,-0.6536070084156468,0.11547643132113644,0.8773258020003205,-0.1840295793404847,-0.16083022064123023,1.4632072782595873,0.8400804966071039,-0.2284407080014948,-0.22290609188220872,1.866277899263374,1.10436072781348,0.4968813333932656,0.8253709413426025,0.2950844454253273,-1.6470324391380393,0.15567782882725678,-0.766651877999928,-0.43719546038628915,-0.29508444542532736,-0.43966287138294763,-0.20416845743157164,-0.20416845743157042,-0.7856095447572496,-0.437195460386289,-0.7299600639872768
1.8808541569839212,1.2138561847675595,-0.3976859794116252,-0.2703410423799377,-0.6955737181720191,3.4543270764947382,1.3579166303680104,0.466272334715151,5.05532605465132,-6.492406096627657,-2.14872848671534,0.2929408653675357,-2.828717613716573,-0.5257557373083944,-6.458420381465532,0.8958515353758929,-0.13131572226790653,-0.1574606448213124,1.4632072782595873,-1.7757332908941965,-0.2411067505222057,-0.2400337403385229,-1.3997084244475306,0.9616881366119643,0.7889869937014257,0.4584710993570465,0.2950844454253273,0.5947617141331807,-2.372467572170897,1.0222025039999036,0.9017156370467213,-0.29508444542532736,1.645190099368449,-0.20416845743157164,-0.20416845743157042,0.7541851629669599,-0.437195460386289,0.5526071664032347
-0.4149480256368689,-0.47588679971000886,-0.3976859794116252,0.017630937546517886,-0.37998934603841783,-0.9377015616832022,-1.018437472776008,-0.29535596530511093,-0.7270007529297158,0.12588814849303445,0.9203736578046674,0.8230161592652981,0.7415583179769245,-0.014350652879385509,0.25497035651774536,-0.7807273351134075,-0.24078653807202754,-0.23320309329336558,-0.20416845743157058,-0.5447620967759375,-0.2409861732818289,-0.23989044786534558,0.23328473740792163,0.19737068374670305,-0.28961315698645573,-0.31535402192158074,0.2950844454253273,0.5947617141331807,0.8506442052921172,-1.6610790689998438,-0.43719546038628915,-0.29508444542532736,-1.1346138616334132,-0.20416845743157164,-0.20416845743157042,-0.7856095447572496,-0.437195460386289,-0.46625465213128303
0.0924211160900645,0.20001039408101842,-0.3976859794116252,0.7375608873626561,0.566763770362386,0.07584350866555328,-0.4243489469900033,0.21680972676698948,-0.276923959208515,0.19356071263043662,0.3425979518414882,0.10783520718101552,0.5303588966654781,0.6675227930259597,0.26086446603309504,-0.31758400072409804,-0.23797683831155714,-0.23058044011352952,-0.20416845743157058,-0.19687893322077726,-0.24064781977061858,-0.2395557418918208,0.23328473740792163,-0.7198102596916104,-0.40755081733587545,-0.4632702491269091,0.2950844454253273,0.5947617141331807,0.21039959075362355,1.0222025039999036,0.9017156370467213,-0.29508444542532736,0.25528811886751795,-0.20416845743157164,-0.20416845743157042,0.7541851629669599,-0.437195460386289,-0.03473670545784073
-0.5490530231716262,-0.5885363320085134,-0.3976859794116252,-1.5662149520489865,-0.6955737181720191,-0.5998532049002837,-0.4243489469900033,-0.5926648394339216,-0.46422395824506946,0.16261289366516127,0.6712410139489846,0.17514635561247743,0.44990197426111767,0.45443734118053936,0.24711154383061246,-0.4750527344164632,-0.23962990392655156,-0.23182999114674904,-0.20416845743157058,-0.45779130588714717,-0.24094853533390756,-0.2398397348390539,0.23328473740792163,0.1260343881459455,-0.3133467418864938,-0.3391469207654925,0.2950844454253273,0.5947617141331807,0.7247841528614738,-0.766651877999928,-1.1066510091027943,-0.29508444542532736,-0.43966287138294763,-0.20416845743157164,-0.20416845743157042,-0.7856095447572496,-0.437195460386289,-0.5861207484294623
-0.9215320092986107,-0.8138353966055225,-0.3976859794116252,-0.7022990122696203,-0.6955737181720191,-0.9377015616832022,-0.4243489469900033,-0.7999986595500657,-0.3746725961953874,0.16550135676858696,0.00865419518387086,-0.2539622156380922,0.09790293874204065,-0.46183010175476835,0.13315875986718545,0.5160740011766591,-0.21806328317860552,-0.20407311033017583,1.4632072782595873,0.3316358729495622,-0.23893665121048394,-0.237094469682467,0.23328473740792163,0.6457702560943231,-0.09718855325845524,-0.017386877521189767,0.2950844454253273,-1.6470324391380393,0.3964535813032722,-0.766651877999928,-1.1066510091027943,-0.29508444542532736,-0.43966287138294763,-0.20416845743157164,-0.20416845743157042,2.2939798706911696,-0.437195460386289,-0.8498261602854549
-0.8036797837133234,-0.701185864307018,-0.3976859794116252,-0.2703410423799377,-0.6955737181720191,-0.5998532049002837,-0.4243489469900033,-0.7563652721526187,-0.46422395824506946,0.1881964240097889,-0.2192756704713283,-0.27920389629989045,0.04761736223931507,-0.11023910620982465,0.146911682069668,0.6920684682445967,-0.20439862314134497,-0.1880676251855661,1.4632072782595873,0.7062792798551193,-0.23280593392020563,-0.2291832375809727,0.23328473740792163,0.5030976648928076,-0.18299459097397727,-0.15080500187957382,0.2950844454253273,-1.6470324391380393,0.18303870979044065,-0.766651877999928,-1.1066510091027943,-0.29508444542532736,-0.43966287138294763,-0.20416845743157164,-0.20416845743157042,-0.7856095447572496,-0.437195460386289,-0.5981073580592798
-0.5173326373378783,-0.5885363320085134,-0.3976859794116252,-0.2703410423799377,-0.6955737181720191,-0.5998532049002837,-0.4243489469900033,-0.5469250126448736,-0.46422395824506946,0.12588814849303445,0.20477989353834453,0.3939075880147286,0.2588167835507613,-0.11023910620982465,0.15869990110036739,0.015879200036205087,-0.23423568981446444,-0.22569455517464862,-0.20416845743157058,0.15100423033438287,-0.23978059488810136,-0.23843554748884568,0.23328473740792163,0.5030976648928076,-0.16291232682779125,-0.15080500187957382,0.2950844454253273,0.5947617141331807,0.3690927003400883,-0.766651877999928,-0.43719546038628915,-0.29508444542532736,-0.43966287138294763,-0.20416845743157164,-0.20416845743157042,-0.7856095447572496,-0.437195460386289,-0.5022144810207368
-0.8194614608236782,-0.701185864307018,-0.3976859794116252,-1.5662149520489865,-0.6955737181720191,-0.5998532049002837,-0.4243489469900033,-0.7434257158899275,-0.46422395824506946,0.07018207435553876,0.3425979518414882,-0.38017061894708326,-0.032839560165045495,-0.23809037731707688,0.06439414885477261,0.08071926685070827,-0.2336215477903179,-0.2241782460556856,-0.20416845743157058,-0.02962741228079644,-0.24045186962937867,-0.23917370376042388,0.23328473740792163,0.7272974510666176,-0.025257534407570763,0.06711126790578673,0.2950844454253273,-1.6470324391380393,0.5989241004308296,-0.766651877999928,-0.43719546038628915,-0.29508444542532736,-0.43966287138294763,-0.20416845743157164,-0.20416845743157042,-0.7856095447572496,-0.437195460386289,-0.5861207484294623
-0.7766703462707258,-0.8138353966055225,1.6535364407114932,-1.5662149520489865,-1.0111580903056203,-0.9377015616832022,-1.018437472776008,-0.6161365926546172,-0.8272240389542304,0.12588814849303445,1.9699111787286077,1.7317166630900338,1.5662417726216198,2.840994401849248,0.5123464720213478,-1.8922713376477505,-0.24179987241186934,-0.23432403884945824,-1.8715441931227286,-1.82925377759499,-0.24110821529801402,-0.24003407842536487,-1.3997084244475306,-1.6471821025014608,-0.42498587393551873,-0.48174865935054534,0.2950844454253273,0.5947617141331807,1.7754419818477196,-1.6610790689998438,-1.1066510091027943,-0.29508444542532736,-1.1346138616334132,-0.20416845743157164,-0.20416845743157042,0.7541851629669599,-0.437195460386289,-1.2333976684396268
1.429466785305162,1.4391552493645685,2.6791476507730523,0.5935748973994284,1.1979325146295887,0.41369186544847175,0.1697395787960012,1.6859007424520625,0.4295883410383735,0.2529805250437654,0.708345875799831,2.9264895477484827,1.5762988879221644,1.5944445085535384,0.549675832285229,-1.632911070389737,-0.2416693672317382,-0.23425468174716493,-1.8715441931227286,-1.3208091539374482,-0.24109683660911924,-0.24002568260212323,-1.3997084244475306,-1.800045593074513,-0.42467551167144135,-0.4824869063053284,-3.319700011034928,-1.6470324391380393,-0.09057009984139422,1.0222025039999036,0.9017156370467213,-0.29508444542532736,0.9502391091179835,-0.20416845743157164,4.7979587496419045,0.7541851629669599,2.240626734479732,1.3557100116010312
-0.64335050680116,-0.701185864307018,-0.3976859794116252,-0.7022990122696203,-0.6955737181720191,-0.5998532049002837,-0.4243489469900033,-0.7467358349338716,-0.46422395824506946,0.1898469743546036,0.17297572623761903,-0.06044266389763925,0.3091023600534867,0.038920710081969574,0.20388807405138154,0.13629646697742545,-0.23183030021989048,-0.22257769754122464,-0.20416845743157058,0.1978346561975777,-0.2396273269558444,-0.2381876171380866,0.23328473740792163,0.5132885642643444,-0.16510311928010246,-0.14191046025568152,0.2950844454253273,0.5947617141331807,0.40192575749590875,-0.766651877999928,-1.1066510091027943,-0.29508444542532736,-0.43966287138294763,-0.20416845743157164,-0.20416845743157042,-0.7856095447572496,-0.437195460386289,-0.7419466736170943
-0.35708187623223403,-0.5885363320085134,-0.3976859794116252,-0.7022990122696203,-0.6955737181720191,-0.5998532049002837,-0.4243489469900033,-0.5372955754261268,-0.46422395824506946,0.12588814849303445,0.597031290247292,0.6126688204169797,0.5303588966654781,0.038920710081969574,0.2156762930820809,-0.5306299345431804,-0.23983461793460042,-0.23217818064814055,-0.20416845743157058,-0.35744039332315874,-0.24087287141798325,-0.23976197486540676,0.23328473740792163,0.5132885642643444,-0.14465572305853122,-0.14191046025568152,0.2950844454253273,0.5947617141331807,0.5879797480455564,0.12777531299998793,-0.43719546038628915,-0.29508444542532736,-0.43966287138294763,-0.20416845743157164,-0.20416845743157042,-0.7856095447572496,-0.437195460386289,-0.6460537965785513
0.6649583772279173,0.42530945867802755,-0.3976859794116252,0.7375608873626561,0.566763770362386,0.07584350866555328,-0.4243489469900033,0.6359911656955655,-0.276923959208515,0.12588814849303445,1.190709079860834,1.4624720693641864,0.9326435086872806,0.6675227930259597,0.33748788973264077,-1.6606996704530956,-0.24170723932322727,-0.23426535207059468,-1.8715441931227286,-1.3074290322622502,-0.24109815587739686,-0.2400253219761585,-1.3997084244475306,-0.7198102596916104,-0.4050314060157175,-0.4632702491269091,0.2950844454253273,0.5947617141331807,0.5879797480455564,1.0222025039999036,0.9017156370467213,-0.29508444542532736,0.9502391091179835,-0.20416845743157164,-0.20416845743157042,0.7541851629669599,-0.437195460386289,0.1570490486192452
-0.6429579277685644,-0.701185864307018,-0.3976859794116252,-0.2703410423799377,-0.6955737181720191,-0.9377015616832022,-1.018437472776008,-0.5782206836058011,-0.7771123959419732,0.12588814849303445,1.4027368618656704,1.2352969434080023,1.0332146616927311,0.4118202508114553,0.33748788973264077,-1.2160820694393581,-0.24151583172570157,-0.2339921356311963,-0.20416845743157058,-1.1334874504846695,-0.24109413986955167,-0.24001655425739074,-1.3997084244475306,0.1260343881459455,-0.31845859094188655,-0.34203764679325754,0.2950844454253273,0.5947617141331807,1.2993626530883269,-1.6610790689998438,-1.1066510091027943,-0.29508444542532736,-1.1346138616334132,-0.20416845743157164,-0.20416845743157042,-0.7856095447572496,-0.437195460386289,-0.562147529169826
-0.8036797837133234,-0.701185864307018,-0.3976859794116252,-0.2703410423799377,-0.6955737181720191,-0.5998532049002837,-0.4243489469900033,-0.7563652721526187,-0.46422395824506946,0.17664257159608612,-0.2192756704713283,-0.27920389629989045,0.04761736223931507,-0.11023910620982465,0.1370881662107519,0.6920684682445967,-0.20439862314134497,-0.1880676251855661,1.4632072782595873,0.7062792798551193,-0.23280593392020563,-0.2291832375809727,0.23328473740792163,0.5030976648928076,-0.18299459097397727,-0.15080500187957382,0.2950844454253273,-1.6470324391380393,0.18303870979044065,-0.766651877999928,-1.1066510091027943,-0.29508444542532736,-0.43966287138294763,-0.20416845743157164,-0.20416845743157042,-0.7856095447572496,-0.437195460386289,-0.5981073580592798
-0.46551220503522006,-0.3632372674115043,-0.3976859794116252,0.44958890743620133,0.25117939822878477,-0.2620048481173652,-1.018437472776008,-0.3738960626205153,-0.5842444365707229,0.2302854578025634,0.3691014245920927,-0.04361487678977377,0.520301781364933,-0.05696774324846962,0.26282916920487825,-0.011909400027153712,-0.23464511783056216,-0.22628423094313427,-0.20416845743157058,0.04396325693279534,-0.2401744352709895,-0.23892239254124534,0.23328473740792163,0.0852707906597982,-0.322840175846509,-0.3542676415261094,0.2950844454253273,0.5947617141331807,0.4675918718075487,-0.766651877999928,-0.43719546038628915,-0.29508444542532736,-1.1346138616334132,-0.20416845743157164,-0.20416845743157042,0.7541851629669599,-0.437195460386289,-0.34638855583310485
