LogS,LogD,LogP,Pgp-inh,Pgp-sub,HIA,F(20),F(30),Caco-2,MDCK,BBB,PPB,VDss,Fu,CYP1A2-inh,CYP1A2-sub,CYP2C19-inh,CYP2C19-sub,CYP2C9-inh,CYP2C9-sub,CYP2D6-inh,CYP2D6-sub,CYP3A4-inh,CYP3A4-sub,CL,T12,hERG,H-HT,DILI,Ames,ROA,FDAMDD,SkinSen,Carcinogenicity,EC,EI,Respiratory,BCF,IGC50,LC50,LC50DM,NR-AR,NR-AR-LBD,NR-AhR,NR-Aromatase,NR-ER,NR-ER-LBD,NR-PPAR-gamma,SR-ARE,SR-ATAD5,SR-HSE,SR-MMP,SR-p53,MW,Vol,Dense,nHA,nHD,TPSA,nRot,nRing,MaxRing,nHet,fChar,nRig,Flex,nStereo,NonBiodegradable,NonGenotoxic_Carcinogenicity,SureChEMBL,LD50_oral,Skin_Sensitization,Acute_Aquatic_Toxicity,Toxicophores,Genotoxic_Carcinogenicity_Mutagenicity,QED,Synth,Fsp3,MCE-18,Natural Product-likeness,Alarm_NMR,BMS,Chelating,PAINS,Lipinski,Pfizer,GSK,GoldenTriangle
-4.605,2.391,3.3,0.029,0.32,0.008,0.813,0.059,-5.363,3.19E-05,0.206,94.23,1.669,2.31,0.177,0.657,0.836,0.305,0.901,0.593,0.112,0.772,0.909,0.897,8.95,0.008,0.885,0.991,0.914,0.913,0.39,0.976,0.02,0.169,0.003,0.005,0.267,1.16,4.623,6.654,7.154,0.007,0.075,0.215,0.932,0.325,0.464,0.276,0.618,0.008,0.058,0.514,0.722,622.17,580.572,1.072,10,1,122.04,5,7,21,13,0,41,0.122,1,2,1,0,0,2,2,1,3,0.297,3.59,0.323,143.683,-0.299,2,0,0,0,1,1,0,0
-4.717,2.099,2.894,0.012,0.471,0.045,0.018,0.026,-5.462,6.99E-05,0.056,95.7,1.403,2.86,0.112,0.539,0.707,0.323,0.92,0.666,0.152,0.767,0.889,0.914,8.608,0.013,0.933,0.988,0.938,0.985,0.385,0.925,0.043,0.729,0.003,0.005,0.334,1.128,4.968,6.75,6.188,0.005,0.246,0.302,0.96,0.576,0.876,0.238,0.695,0.191,0.29,0.874,0.925,631.17,594.377,1.062,13,1,165.18,6,7,21,14,0,42,0.143,1,3,1,0,0,2,1,3,7,0.167,3.539,0.323,143.683,-0.399,3,0,0,0,0,1,0,0
-6.032,2.807,4.403,0.915,0.152,0.011,0.003,0.003,-5.308,1.97E-05,0.169,97.85,0.505,1.52,0.838,0.497,0.839,0.095,0.852,0.336,0.538,0.651,0.819,0.212,2.978,0.056,0.359,0.917,0.294,0.817,0.975,0.959,0.049,0.416,0.003,0.01,0.038,1.698,5.07,6.671,6.336,0.005,0.318,0.766,0.964,0.826,0.741,0.739,0.908,0.738,0.929,0.96,0.98,531.08,480.007,1.106,7,2,93.45,4,6,21,8,0,33,0.121,1,1,2,0,0,4,2,1,4,0.332,3.329,0.222,108.182,0.355,3,0,0,0,1,1,0,0
-3.719,1.316,0.969,0.069,0.999,0.882,0.999,0.999,-5.523,1.17E-05,0.261,95.92,0.602,1.54,0.657,0.811,0.043,0.07,0.486,0.375,0.045,0.268,0.064,0.114,2.632,0.432,0.081,0.977,0.8,0.892,0.927,0.972,0.052,0.976,0.003,0.01,0.596,1.139,4.906,6.58,5.555,0.005,0.901,0.493,0.981,0.805,0.81,0.987,0.934,0.98,0.985,0.971,0.995,420.15,29648180.62,0,8,3,121.88,3,5,21,9,0,27,0.111,1,1,1,0,0,2,0,1,3,0.322,3.689,0.318,99.414,0.926,1,1,0,0,1,1,0,1
-6.195,3.12,3.937,0.064,0.021,0.004,0.005,0.02,-4.957,2.22E-05,0.184,91.44,0.979,5.33,0.218,0.919,0.556,0.633,0.67,0.372,0.046,0.476,0.457,0.409,10.365,0.067,0.259,0.931,0.479,0.791,0.963,0.973,0.035,0.929,0.003,0.008,0.064,1.273,5.031,6.284,6.436,0.008,0.749,0.76,0.962,0.641,0.816,0.937,0.927,0.864,0.921,0.951,0.989,476.19,475.216,1.002,8,1,99.88,4,6,25,8,0,32,0.125,2,2,1,0,0,3,1,1,3,0.451,4.01,0.444,115.769,1.11,3,0,0,0,1,1,0,1
-4.815,2.329,3.999,0.999,0.018,0.023,0.967,0.928,-5.298,4.21E-05,0.074,95.84,0.471,1.33,0.027,0.325,0.605,0.883,0.92,0.836,0.111,0.416,0.889,0.925,6.583,0.117,0.151,0.926,0.945,0.807,0.923,0.953,0.056,0.44,0.003,0.012,0.066,0.976,5.257,7.472,7.158,0,0.034,0.441,0.959,0.353,0.772,0.914,0.877,0.133,0.813,0.968,0.973,662.27,671.88,0.986,11,1,140.39,8,7,21,11,0,41,0.195,2,1,1,1,0,2,1,2,5,0.194,4.447,0.368,150.385,0.622,3,0,0,0,0,1,0,0
-5.028,2.691,4.285,0.138,0.996,0.007,0.991,0.277,-5.335,1.62E-05,0.233,76.01,2.939,25.71,0.061,0.384,0.06,0.742,0.064,0.037,0.28,0.423,0.583,0.808,4.566,0.025,0.846,0.985,0.347,0.919,0.87,0.939,0.142,0.29,0.003,0.005,0.389,1.008,4.496,5.484,5.96,0.009,0.125,0.387,0.918,0.776,0.823,0.809,0.788,0.319,0.86,0.856,0.975,586.28,589.793,0.994,10,1,114.2,6,7,21,10,0,40,0.15,1,1,1,0,2,3,2,1,4,0.356,3.633,0.515,140.8,0.261,3,0,0,0,1,1,0,0
-3.685,1.111,1.373,0.061,0.996,0.007,0.003,0.003,-5.344,8.47E-06,0.822,73.41,1.882,25.07,0.684,0.948,0.025,0.378,0.079,0.13,0.07,0.749,0.105,0.75,15.542,0.26,0.564,0.818,0.314,0.929,0.246,0.949,0.119,0.284,0.003,0.007,0.223,1.257,4.93,6.347,6.261,0.006,0.531,0.8,0.947,0.599,0.612,0.489,0.642,0.608,0.918,0.895,0.969,421.16,416.795,1.01,8,2,104.89,3,5,21,8,0,27,0.111,1,2,1,0,0,3,1,2,3,0.487,3.481,0.348,99,0.901,4,0,0,1,1,1,0,1
-3.308,0.86,1.201,0.013,0.992,0.014,0.013,0.673,-5.53,7.27E-06,0.556,71.78,2.03,31.39,0.912,0.632,0.062,0.406,0.03,0.169,0.023,0.223,0.303,0.336,6.788,0.19,0.635,0.968,0.224,0.631,0.53,0.956,0.103,0.051,0.003,0.006,0.165,0.991,3.41,4.839,4.515,0.003,0.117,0.435,0.956,0.513,0.624,0.113,0.495,0.612,0.766,0.682,0.957,421.16,416.795,1.01,8,3,113.68,5,5,21,8,0,27,0.185,1,1,1,0,0,2,1,1,3,0.327,3.403,0.348,92.613,0.78,1,0,0,0,1,1,0,1
-6.088,3.076,4.039,0.126,0.698,0.016,0.006,0.005,-5.059,1.57E-05,0.081,98.02,0.554,1.67,0.941,0.972,0.121,0.403,0.747,0.431,0.014,0.296,0.27,0.252,3.548,0.126,0.231,0.534,0.093,0.427,0.846,0.973,0.035,0.098,0.003,0.011,0.236,2.055,4.816,5.635,5.778,0.006,0.073,0.743,0.957,0.666,0.71,0.862,0.849,0.332,0.911,0.9,0.969,448.18,38792814.4,0,6,1,81.42,4,5,21,7,0,27,0.148,1,1,1,0,0,2,0,1,3,0.378,3.535,0.4,101.486,0.841,1,0,0,0,1,1,0,1
-3.516,1.021,1.414,0.006,0.929,0.005,0.002,0.001,-5.514,8.37E-06,0.463,62.62,1.207,20.91,0.97,0.942,0.124,0.33,0.224,0.125,0.022,0.241,0.628,0.69,10.011,0.31,0.438,0.664,0.177,0.849,0.791,0.979,0.039,0.367,0.003,0.007,0.271,1.312,4.112,6.034,6.412,0.022,0.671,0.661,0.966,0.512,0.04,0.645,0.727,0.837,0.473,0.861,0.972,363.12,356.117,1.02,7,3,107.44,1,5,21,7,0,27,0.037,2,1,1,0,0,2,1,1,3,0.635,3.742,0.25,93.96,0.651,1,0,0,0,1,1,1,1
-3.685,1.111,1.373,0.061,0.996,0.007,0.003,0.003,-5.344,8.47E-06,0.822,73.41,1.882,25.07,0.684,0.948,0.025,0.378,0.079,0.13,0.07,0.749,0.105,0.75,15.542,0.26,0.564,0.818,0.314,0.929,0.246,0.949,0.119,0.284,0.003,0.007,0.223,1.257,4.93,6.347,6.261,0.006,0.531,0.8,0.947,0.599,0.612,0.489,0.642,0.608,0.918,0.895,0.969,421.16,416.795,1.01,8,2,104.89,3,5,21,8,0,27,0.111,1,2,1,0,0,3,1,2,3,0.487,3.481,0.348,99,0.901,4,0,0,1,1,1,0,1
-5.705,3.422,4.933,0.854,0.967,0.01,0.071,0.549,-5.627,1.47E-05,0.5,94.28,2.156,4.18,0.157,0.752,0.448,0.172,0.199,0.078,0.678,0.765,0.487,0.573,8.476,0.059,0.89,0.957,0.687,0.606,0.758,0.966,0.072,0.079,0.003,0.006,0.486,1.225,4.956,6.584,5.771,0.016,0.173,0.674,0.889,0.467,0.686,0.605,0.525,0.162,0.712,0.585,0.971,521.21,518.435,1.005,7,1,84.66,3,6,22,8,0,34,0.088,1,2,2,0,0,2,2,1,3,0.395,3.651,0.483,123.07,0.187,1,0,0,0,1,1,0,0
-5.145,2.826,3.706,0.242,0.999,0.041,0.31,0.996,-6.368,3.95E-06,0.031,96.01,1.59,6.28,0.022,0.128,0.349,0.085,0.918,0.121,0.309,0.069,0.95,0.616,10.708,0.41,0.733,0.987,0.972,0.905,0.655,0.952,0.031,0.021,0.003,0.003,0.03,1.037,5.138,7.409,7.274,0,0.031,0.88,0.984,0.344,0.539,0.933,0.888,0.553,0.965,0.919,0.985,895.32,865.783,1.034,18,6,237.48,17,8,21,19,0,47,0.362,8,2,2,2,0,6,1,5,4,0.072,5.371,0.4,165.952,0.669,4,0,0,0,0,1,0,0
-5.422,2.464,3.365,0.081,0.798,0.006,0.004,0.011,-5.337,1.79E-05,0.224,97.3,0.525,1.65,0.906,0.716,0.872,0.103,0.868,0.334,0.571,0.529,0.857,0.2,4.967,0.093,0.433,0.954,0.205,0.79,0.957,0.947,0.051,0.358,0.003,0.01,0.056,1.559,4.733,6.14,5.663,0.005,0.606,0.76,0.963,0.82,0.762,0.879,0.915,0.744,0.909,0.952,0.977,453.17,460.723,0.984,7,2,93.45,4,6,21,7,0,33,0.121,1,1,1,0,0,4,1,1,4,0.403,3.249,0.222,105,0.479,2,0,0,0,1,1,0,1
-6.832,3.533,4.774,0.998,0.504,0.003,0.014,0.925,-4.874,2.41E-05,0.095,95.34,0.69,2.83,0.571,0.953,0.463,0.221,0.741,0.119,0.08,0.281,0.645,0.184,4.333,0.071,0.46,0.723,0.117,0.83,0.945,0.675,0.098,0.748,0.003,0.011,0.099,1.337,4.801,6.211,5.811,0.021,0.601,0.755,0.945,0.889,0.738,0.953,0.894,0.055,0.84,0.948,0.973,478.25,494.915,0.966,7,1,82.81,9,5,21,7,0,26,0.346,2,2,1,0,0,1,0,1,3,0.362,3.893,0.5,92.524,0.579,0,0,0,0,1,1,0,1
-4.937,2.717,3.812,0.999,0.004,0.109,0.994,0.998,-5.042,3.50E-05,0.033,97.67,0.434,1.9,0.041,0.933,0.459,0.686,0.789,0.141,0.05,0.066,0.814,0.925,9.758,0.186,0.007,0.916,0.987,0.539,0.562,0.992,0.087,0.468,0.003,0.005,0.924,0.4,3.8,5.887,5.034,0.001,0.023,0.799,0.965,0.636,0.649,0.404,0.874,0.027,0.826,0.953,0.977,578.24,569.962,1.015,12,2,149.29,9,5,21,12,0,29,0.31,2,3,2,0,1,2,2,3,5,0.258,4.162,0.433,119.302,0.177,1,0,0,0,0,1,0,0
-3.793,1.537,2.196,0.027,0.983,0.005,0.004,0.01,-5.302,1.73E-05,0.74,75.56,2.094,23.87,0.917,0.838,0.408,0.612,0.067,0.162,0.181,0.551,0.62,0.355,7.681,0.109,0.823,0.966,0.23,0.859,0.546,0.962,0.068,0.055,0.003,0.006,0.206,1.424,4.319,6.326,5.81,0.004,0.218,0.542,0.957,0.653,0.701,0.185,0.555,0.708,0.872,0.833,0.964,419.18,425.301,0.986,7,2,93.45,5,5,21,7,0,27,0.185,1,1,1,0,0,2,1,1,3,0.382,3.346,0.375,92.273,0.675,1,0,0,0,1,1,0,1
-5.009,3.24,4.658,0.319,0.993,0.691,0.996,0.993,-5.484,2.31E-05,0.024,98.61,0.836,1.79,0.148,0.12,0.888,0.056,0.966,0.578,0.696,0.097,0.962,0.257,7.425,0.087,0.179,0.599,0.884,0.861,0.908,0.908,0.081,0.169,0.003,0.004,0.028,0.696,5.278,5.209,6.205,0.001,0.017,0.44,0.728,0.7,0.853,0.556,0.891,0.26,0.96,0.935,0.992,894.17,808.268,1.106,15,5,214.03,21,6,21,18,0,37,0.568,1,1,2,4,0,4,4,5,5,0.018,4.39,0.375,118.145,0.536,3,2,0,0,0,1,0,0
-5.587,2.605,2.382,0.352,0.258,0.005,0.016,0.695,-4.755,2.48E-05,0.632,92.8,0.807,3.88,0.77,0.958,0.233,0.376,0.496,0.158,0.108,0.609,0.351,0.24,5.141,0.191,0.031,0.879,0.157,0.963,0.806,0.957,0.036,0.98,0.003,0.025,0.955,1.859,4.432,6.053,6.179,0.265,0.819,0.845,0.9,0.844,0.431,0.835,0.902,0.456,0.598,0.882,0.971,396.15,388.416,1.02,6,1,73.58,4,5,21,7,0,26,0.154,2,2,1,1,0,1,3,1,4,0.574,3.905,0.364,91.467,0.699,0,0,0,0,1,1,1,1
-3.681,1.576,1.581,0.005,0.984,0.214,0.996,0.542,-5.379,1.01E-05,0.879,78.01,2.001,16.38,0.302,0.799,0.067,0.823,0.04,0.219,0.019,0.879,0.178,0.907,12.7,0.047,0.769,0.905,0.353,0.864,0.321,0.956,0.128,0.142,0.003,0.004,0.326,1.086,3.262,5.561,5.814,0.003,0.213,0.703,0.905,0.418,0.797,0.267,0.584,0.658,0.717,0.534,0.976,518.22,505.949,1.024,10,1,106.36,3,7,25,10,0,38,0.079,1,1,1,0,0,3,1,1,3,0.405,3.6,0.464,134.122,0.318,4,0,0,0,1,1,0,0
-5.145,2.826,3.706,0.242,0.999,0.041,0.31,0.996,-6.368,3.95E-06,0.031,96.01,1.59,6.28,0.022,0.128,0.349,0.085,0.918,0.121,0.309,0.069,0.95,0.616,10.708,0.41,0.733,0.987,0.972,0.905,0.655,0.952,0.031,0.021,0.003,0.003,0.03,1.037,5.138,7.409,7.274,0,0.031,0.88,0.984,0.344,0.539,0.933,0.888,0.553,0.965,0.919,0.985,895.32,865.783,1.034,18,6,237.48,17,8,21,19,0,47,0.362,8,2,2,2,0,6,1,5,4,0.072,5.371,0.4,165.952,0.669,4,0,0,0,0,1,0,0
-7.991,6.918,11.27,0.997,0.966,0.019,0.994,0.986,-5.396,1.26E-05,0.259,99.17,0.469,1.07,0.023,0.181,0.176,0.081,0.138,0.836,0,0.296,0.277,0.122,5.427,0.009,0.036,0.059,0.509,0.076,0.999,0.986,0.851,0.044,0.003,0.006,0.106,0.813,6.086,5.409,6.539,0.009,0.072,0.254,0.923,0.647,0.774,0.227,0.883,0.018,0.689,0.807,0.983,904.52,964.136,0.938,11,1,143.25,21,7,21,11,0,40,0.525,4,1,1,0,0,3,1,1,3,0.063,5.119,0.582,156.897,1.006,3,1,0,0,0,1,0,0
-5.973,2.839,4.224,0.172,0.959,0.004,0.001,0.005,-5.327,1.75E-05,0.13,98.06,0.434,1.43,0.854,0.76,0.884,0.094,0.854,0.317,0.562,0.689,0.826,0.258,4.172,0.064,0.506,0.959,0.21,0.848,0.945,0.954,0.04,0.41,0.003,0.009,0.043,1.815,5.011,6.546,5.978,0.006,0.506,0.802,0.964,0.861,0.772,0.878,0.935,0.72,0.925,0.96,0.984,487.13,475.934,1.024,7,2,93.45,4,6,21,8,0,33,0.121,1,2,2,0,0,4,2,1,4,0.366,3.292,0.222,108.182,0.277,2,0,0,0,1,1,0,1
-4.094,1.84,2.723,0.043,0.99,0.006,0.004,0.004,-5.542,2.25E-05,0.695,91.29,1.026,6.9,0.872,0.893,0.696,0.069,0.581,0.362,0.772,0.448,0.787,0.504,7.28,0.13,0.714,0.957,0.326,0.639,0.882,0.971,0.042,0.083,0.003,0.008,0.421,1.122,4.085,6.209,5.801,0.006,0.127,0.583,0.967,0.617,0.713,0.772,0.854,0.605,0.887,0.905,0.967,454.16,454.424,0.999,8,2,109.57,3,6,21,8,0,34,0.088,1,1,1,0,0,2,1,1,3,0.407,3.894,0.231,105.188,0.65,1,0,0,0,1,1,0,1
-4.252,1.577,2.577,0.052,0.989,0.006,0.004,0.006,-5.014,1.48E-05,0.101,92.2,0.948,4.91,0.956,0.913,0.506,0.092,0.725,0.498,0.144,0.31,0.793,0.236,9.943,0.349,0.285,0.809,0.21,0.841,0.868,0.961,0.058,0.209,0.003,0.013,0.066,1.322,4.74,6.049,5.689,0.008,0.652,0.621,0.966,0.917,0.842,0.883,0.929,0.661,0.942,0.972,0.983,392.14,388.502,1.009,7,2,101.65,2,5,21,7,0,27,0.074,1,1,1,0,0,2,1,2,3,0.508,3.403,0.318,96.207,1.196,4,0,0,0,1,1,1,1
-4.104,1.91,2.99,0.024,0.973,0.315,0.758,0.116,-5.51,2.28E-05,0.392,90.41,1.999,9.43,0.231,0.498,0.5,0.706,0.683,0.282,0.1,0.607,0.826,0.904,9.898,0.025,0.864,0.989,0.685,0.878,0.513,0.948,0.051,0.324,0.003,0.005,0.299,1.153,4.526,6.711,5.768,0.002,0.126,0.282,0.966,0.548,0.874,0.639,0.668,0.205,0.897,0.478,0.969,566.22,550.311,1.029,10,1,122.04,7,6,21,11,0,35,0.2,1,1,1,0,0,2,1,1,3,0.338,3.536,0.483,123.047,-0.06,2,0,0,0,1,1,0,0
-7.455,3.5,4.767,0.052,0.006,0.004,0.052,0.099,-5.025,2.86E-05,0.093,96.79,0.407,1.72,0.753,0.526,0.901,0.111,0.937,0.24,0.051,0.142,0.859,0.708,4.015,0.046,0.166,0.89,0.834,0.931,0.939,0.955,0.032,0.736,0.003,0.012,0.041,1.815,5.135,6.912,6.483,0.003,0.05,0.754,0.942,0.65,0.744,0.463,0.89,0.635,0.947,0.934,0.982,481.16,484.173,0.994,8,1,103.01,5,6,21,8,0,34,0.147,1,1,1,1,0,2,1,2,3,0.234,3.42,0.214,104.824,0.557,1,0,0,0,1,1,0,1
-4.632,2.432,3.31,0.048,0.576,0.046,0.969,0.277,-5.502,2.54E-05,0.255,83.44,1.259,2.56,0.14,0.743,0.9,0.771,0.877,0.724,0.207,0.875,0.959,0.923,10.917,0.035,0.869,0.984,0.903,0.884,0.388,0.969,0.023,0.063,0.003,0.005,0.474,1.049,4.518,6.781,6.142,0.007,0.144,0.28,0.905,0.655,0.719,0.218,0.625,0.235,0.207,0.572,0.925,646.21,620.609,1.041,12,1,140.5,7,7,21,13,0,41,0.171,1,1,1,0,0,2,1,1,3,0.263,3.6,0.364,142.378,-0.103,3,0,0,0,0,1,0,0
-4.108,1.939,2.857,0.08,0.421,0.828,0.138,0.315,-5.579,3.06E-05,0.332,95.02,1.573,4.6,0.168,0.184,0.839,0.428,0.903,0.389,0.278,0.671,0.913,0.921,10.795,0.02,0.785,0.977,0.916,0.903,0.684,0.95,0.1,0.247,0.003,0.005,0.403,1.231,4.957,7.102,6.01,0.003,0.088,0.313,0.951,0.626,0.85,0.391,0.683,0.089,0.868,0.578,0.961,600.2,585.733,1.025,10,1,122.04,6,7,21,11,0,41,0.146,1,1,1,0,0,2,1,1,3,0.296,3.486,0.344,136.349,-0.126,2,0,0,0,1,1,0,0
-4.011,1.674,2.498,0.017,0.996,0.005,0.005,0.006,-5.328,1.82E-05,0.764,70.08,2.184,25.15,0.804,0.684,0.121,0.674,0.06,0.13,0.119,0.563,0.264,0.735,7.021,0.066,0.835,0.931,0.106,0.806,0.498,0.954,0.037,0.08,0.003,0.006,0.175,1.469,3.467,5.56,5.303,0.004,0.037,0.451,0.961,0.473,0.733,0.129,0.366,0.508,0.759,0.567,0.941,433.2,442.597,0.979,7,2,93.45,5,5,21,7,0,27,0.185,1,1,1,0,0,2,1,1,3,0.47,3.391,0.4,95.143,0.737,1,0,0,0,1,1,0,1
-4.675,1.733,2.778,0.053,0.06,0.007,0.017,0.006,-4.878,1.66E-05,0.066,94.99,0.759,3.79,0.887,0.748,0.527,0.095,0.708,0.406,0.143,0.388,0.701,0.28,10.022,0.342,0.129,0.432,0.201,0.902,0.819,0.963,0.063,0.885,0.003,0.028,0.051,1.392,4.965,6.507,6.037,0.021,0.745,0.687,0.95,0.881,0.821,0.939,0.936,0.543,0.937,0.957,0.982,404.14,403.162,1.002,7,2,101.65,3,5,21,7,0,28,0.107,1,1,1,0,0,2,1,3,3,0.402,3.556,0.261,96.207,1.266,4,0,0,0,1,1,0,1
-5.088,2.901,4.36,0.473,0.996,0.009,0.43,0.01,-5.214,1.65E-05,0.188,84.76,1.92,18.95,0.053,0.261,0.051,0.671,0.056,0.039,0.408,0.486,0.606,0.809,5.303,0.029,0.829,0.962,0.3,0.895,0.789,0.943,0.229,0.478,0.003,0.004,0.353,1.063,4.426,5.858,5.749,0.013,0.269,0.506,0.888,0.687,0.809,0.863,0.827,0.203,0.846,0.81,0.973,598.28,604.452,0.99,10,1,114.2,7,7,21,10,0,41,0.171,1,1,1,0,3,3,2,2,4,0.268,3.778,0.471,140.8,0.451,3,0,0,0,1,1,0,0
-5.23,1.661,1.118,0.01,0.998,0.96,1,1,-5.878,4.74E-06,0.02,92.47,0.987,8.02,0.002,0.034,0.091,0.039,0.462,0.074,0.004,0.07,0.768,0.067,1.177,0.588,0.094,0.35,0.04,0.051,0.615,0.955,0.072,0.003,0.003,0.001,0.026,0.638,3.054,3.798,5.417,0.007,0.014,0.118,0.072,0.748,0.862,0.008,0.067,0.006,0.013,0.345,0.679,1035.41,1006.078,1.029,22,9,310.64,28,8,23,23,0,48,0.583,3,4,3,0,0,4,2,3,4,0.026,5.253,0.404,167.712,0.002,1,1,0,0,0,1,0,0
-4.666,2.422,3.533,0.084,0.842,0.022,0.135,0.104,-5.459,2.91E-05,0.389,95.6,1.269,2.97,0.119,0.621,0.827,0.576,0.904,0.434,0.145,0.832,0.901,0.924,9.378,0.011,0.906,0.992,0.949,0.834,0.595,0.951,0.018,0.304,0.003,0.005,0.203,1.13,4.576,6.669,5.824,0.005,0.133,0.33,0.953,0.617,0.736,0.327,0.67,0.052,0.337,0.575,0.906,600.2,585.733,1.025,10,1,122.04,5,7,21,11,0,41,0.122,1,1,1,0,0,2,1,1,3,0.306,3.436,0.344,139.674,-0.246,2,0,0,0,1,1,0,0
-5.678,2.374,2.809,0.028,0.001,0.008,0.029,0.007,-4.922,2.27E-05,0.046,96.3,0.581,1.85,0.593,0.657,0.749,0.213,0.83,0.688,0.094,0.249,0.861,0.251,11.572,0.199,0.062,0.566,0.318,0.533,0.745,0.936,0.047,0.869,0.003,0.025,0.063,1.718,4.705,6.498,6.392,0.014,0.353,0.862,0.875,0.418,0.633,0.571,0.933,0.771,0.856,0.945,0.989,426.06,386.651,1.102,8,1,99.88,1,6,24,9,0,31,0.032,1,2,2,0,0,3,2,2,3,0.467,3.609,0.286,112.074,1.006,4,0,0,0,1,1,0,1
-3.892,1.007,1.261,0.012,0.305,0.004,0.002,0.004,-4.93,1.99E-05,0.732,78.7,1.417,16.06,0.972,0.857,0.535,0.209,0.381,0.277,0.023,0.225,0.784,0.542,8.517,0.441,0.455,0.775,0.777,0.891,0.382,0.965,0.058,0.373,0.003,0.01,0.065,1.356,3.709,5.246,5.474,0.021,0.444,0.78,0.974,0.368,0.639,0.848,0.894,0.807,0.91,0.832,0.975,349.11,338.821,1.03,7,1,94.31,1,5,21,7,0,27,0.037,1,1,1,0,0,2,1,0,3,0.523,3.412,0.263,91,1.019,1,0,0,0,1,1,1,1
-5.158,2.595,2.646,0.008,0.375,0.889,0.917,0.576,-5.635,1.25E-05,0.01,90.17,0.504,4.11,0.007,0.064,0.078,0.092,0.762,0.011,0.353,0.065,0.751,0.632,5.635,0.173,0.628,0.823,0.958,0.114,0.926,0.071,0.051,0.741,0.003,0.003,0.007,0.869,3.514,3.962,5.933,0,0.024,0.076,0.779,0.623,0.718,0.962,0.886,0.007,0.019,0.724,0.87,946.43,921.918,1.027,19,3,217.51,29,8,21,20,0,43,0.674,4,2,1,1,0,2,1,2,3,0.037,5.258,0.596,143.4,-0.253,2,0,0,0,0,1,0,0
-4.545,3.411,4.016,0.51,1,0.011,0.135,0.973,-5.63,1.72E-05,0.055,86.39,0.966,8.02,0.095,0.109,0.652,0.126,0.897,0.386,0.303,0.16,0.958,0.341,8.122,0.317,0.134,0.948,0.763,0.59,0.776,0.967,0.078,0.047,0.003,0.005,0.022,0.939,5.01,4.799,6.93,0.008,0.054,0.488,0.529,0.757,0.589,0.805,0.811,0.382,0.559,0.773,0.969,687.27,674.704,1.019,12,3,157.72,15,7,21,13,0,39,0.385,4,1,1,1,0,2,1,1,3,0.107,4.537,0.5,130.37,0.392,2,0,0,0,0,1,0,0
-5.565,1.54,2.184,0.02,0.314,0.005,0.003,0.003,-5.08,1.80E-05,0.345,93.42,1.583,7.23,0.87,0.946,0.726,0.174,0.656,0.229,0.012,0.333,0.727,0.422,4.909,0.072,0.309,0.9,0.959,0.655,0.883,0.964,0.027,0.72,0.003,0.007,0.207,1.841,4.397,6.413,5.533,0.006,0.684,0.734,0.975,0.704,0.723,0.863,0.867,0.683,0.658,0.915,0.97,428.15,422.468,1.013,8,1,99.24,2,6,21,8,0,32,0.062,1,1,1,0,0,2,1,1,3,0.434,3.444,0.25,108.8,0.281,1,0,0,0,1,1,0,1
-5.467,1.846,2.56,0.125,0.019,0.016,0.003,0.009,-4.978,2.28E-05,0.135,93.16,0.679,3.16,0.769,0.529,0.618,0.124,0.695,0.744,0.041,0.427,0.395,0.174,6.418,0.343,0.132,0.85,0.252,0.761,0.557,0.972,0.044,0.115,0.003,0.014,0.164,1.737,4.36,5.832,7.004,0.038,0.611,0.337,0.874,0.28,0.011,0.867,0.698,0.134,0.133,0.721,0.973,398.11,374.551,1.063,6,1,81.42,1,5,22,8,0,28,0.036,1,2,1,0,0,2,2,1,3,0.499,3.536,0.286,98.889,0.566,1,0,0,0,1,1,1,1
-4.303,0.903,1.355,0.009,1,0.007,0.014,0.004,-5.533,7.82E-06,0.288,82.34,1.501,11.33,0.892,0.97,0.018,0.074,0.009,0.031,0.026,0.15,0.385,0.142,2.516,0.134,0.424,0.813,0.544,0.95,0.725,0.96,0.106,0.975,0.003,0.005,0.858,0.823,4.664,6.093,6.519,0.002,0.025,0.864,0.952,0.592,0.658,0.293,0.935,0.198,0.279,0.934,0.951,432.15,418.426,1.033,10,5,158.18,3,5,21,10,0,29,0.103,1,1,1,0,0,2,1,2,3,0.186,3.62,0.227,96.667,0.701,2,0,0,0,1,1,0,1
-4.658,2.226,3.51,0.995,0.827,0.315,0.971,0.882,-5.258,2.88E-05,0.167,90.07,0.662,2.41,0.043,0.51,0.47,0.845,0.863,0.643,0.071,0.311,0.726,0.917,6.838,0.194,0.085,0.924,0.904,0.671,0.4,0.949,0.083,0.624,0.003,0.01,0.113,0.938,5.059,7.07,6.958,0,0.02,0.551,0.965,0.277,0.748,0.689,0.866,0.156,0.819,0.952,0.978,646.25,637.671,1.013,11,1,140.39,9,6,21,12,0,35,0.257,2,1,1,1,0,2,1,2,5,0.223,4.592,0.471,137.76,0.538,4,0,0,0,0,1,0,0
-5.914,2.525,3.484,0.041,0.982,0.005,0.004,0.011,-5.358,1.20E-05,0.094,97.43,0.53,1.93,0.751,0.91,0.917,0.165,0.893,0.681,0.446,0.875,0.896,0.269,6.282,0.1,0.521,0.956,0.227,0.887,0.925,0.964,0.05,0.51,0.003,0.009,0.081,1.473,4.884,6.247,6.239,0.007,0.588,0.743,0.962,0.845,0.802,0.847,0.925,0.834,0.906,0.955,0.981,483.18,486.809,0.993,8,2,102.68,5,6,21,8,0,33,0.152,1,1,1,0,0,4,1,1,4,0.368,3.281,0.25,107.829,0.416,3,0,0,0,1,1,0,1
-5.688,2.683,3.967,0.559,0.991,0.005,0.002,0.006,-5.328,1.50E-05,0.136,97.65,0.483,1.56,0.68,0.833,0.905,0.123,0.828,0.347,0.46,0.809,0.833,0.283,4.699,0.074,0.458,0.954,0.194,0.847,0.952,0.959,0.044,0.444,0.003,0.009,0.058,1.641,4.837,6.249,5.803,0.007,0.55,0.782,0.964,0.862,0.767,0.864,0.916,0.765,0.916,0.949,0.977,467.18,478.019,0.977,7,2,93.45,4,6,21,7,0,33,0.121,1,1,1,0,0,4,1,1,4,0.388,3.282,0.25,107.829,0.356,2,0,0,0,1,1,0,1
-5.098,2.941,3.088,0.355,1,0.018,0.734,0.981,-5.712,1.19E-05,0.029,79.46,0.894,15.56,0.202,0.09,0.597,0.076,0.872,0.324,0.19,0.151,0.934,0.205,6.73,0.391,0.097,0.862,0.291,0.289,0.824,0.983,0.085,0.026,0.003,0.004,0.027,0.748,4.852,4.613,6.654,0.018,0.07,0.331,0.668,0.808,0.376,0.65,0.816,0.498,0.726,0.792,0.961,703.27,683.494,1.029,13,4,177.95,15,7,21,14,0,39,0.385,4,1,1,1,0,3,1,1,3,0.07,4.572,0.5,133.63,0.292,4,0,0,0,0,1,0,0
-4.821,2.642,3.802,0.049,0.39,0.007,0.018,0.084,-5.486,3.05E-05,0.356,96.22,1.414,2.45,0.23,0.787,0.861,0.373,0.924,0.533,0.339,0.792,0.908,0.924,8.76,0.008,0.905,0.993,0.947,0.804,0.59,0.948,0.017,0.199,0.003,0.005,0.138,1.172,4.791,6.91,6.313,0.004,0.121,0.347,0.953,0.627,0.729,0.32,0.693,0.047,0.439,0.655,0.929,620.15,583.648,1.063,10,1,122.04,5,7,21,12,0,41,0.122,1,2,2,0,0,2,2,1,3,0.297,3.444,0.323,140.341,-0.31,2,0,0,0,1,1,0,0
-4.977,1.91,2.103,0.031,0.213,0.119,0.963,0.961,-5.019,1.96E-05,0.61,82.99,1.016,8.25,0.931,0.83,0.193,0.1,0.545,0.052,0.023,0.055,0.724,0.307,6.13,0.132,0.293,0.91,0.442,0.861,0.949,0.945,0.053,0.903,0.003,0.009,0.057,1.33,4.238,5.991,5.547,0.003,0.66,0.686,0.972,0.498,0.783,0.939,0.913,0.904,0.934,0.951,0.993,449.16,440.245,1.02,9,2,123.24,6,5,21,9,0,28,0.214,1,1,1,1,0,2,1,2,3,0.199,3.601,0.333,92.438,0.865,1,0,0,0,1,1,0,1
-4.431,1.727,2.052,0.013,0.005,0.004,0.002,0.003,-4.93,2.65E-05,0.529,90.81,0.525,3.31,0.928,0.767,0.629,0.346,0.554,0.429,0.054,0.458,0.298,0.419,6.862,0.332,0.162,0.753,0.414,0.744,0.876,0.908,0.04,0.562,0.003,0.014,0.036,1.379,4.15,6.075,5.553,0.027,0.626,0.625,0.905,0.489,0.256,0.808,0.86,0.6,0.715,0.851,0.97,348.11,345.12,1.009,6,1,81.42,1,5,21,6,0,27,0.037,1,1,1,0,0,2,1,1,3,0.533,3.176,0.25,90.72,1.015,1,0,0,0,1,1,1,1
-4.136,1.386,1.947,0.029,0.995,0.087,0.757,0.533,-5.321,1.67E-05,0.147,85.16,1.475,6.56,0.049,0.163,0.338,0.482,0.794,0.432,0.204,0.162,0.422,0.832,3.53,0.075,0.42,0.777,0.243,0.883,0.713,0.953,0.076,0.375,0.003,0.006,0.375,1.112,4.038,6.119,5.426,0.001,0.056,0.259,0.972,0.224,0.759,0.509,0.822,0.183,0.85,0.918,0.958,545.24,545.143,1,10,2,133.66,4,6,21,10,0,34,0.118,1,1,1,0,0,2,1,1,3,0.378,3.764,0.467,137.909,0.401,1,0,0,0,1,1,0,0
-5.206,2.134,3.688,0.051,0.993,0.142,0.981,0.941,-5.4,2.75E-05,0.896,74.76,1.734,20.61,0.107,0.715,0.068,0.063,0.018,0.04,0.701,0.171,0.19,0.632,7.535,0.21,0.858,0.893,0.129,0.843,0.959,0.968,0.037,0.158,0.003,0.007,0.093,1.392,4.352,6.308,5.931,0.004,0.727,0.703,0.989,0.462,0.763,0.904,0.941,0.591,0.958,0.946,0.981,512.22,522.719,0.98,8,1,94.53,7,6,21,8,1,33,0.212,1,1,1,0,0,2,1,1,3,0.204,3.643,0.333,107.1,0.596,3,0,0,0,1,1,0,0
-6.937,3.09,4.582,0.155,0.058,0.004,0.006,0.003,-5.042,3.01E-05,0.141,97.61,0.372,1.67,0.781,0.876,0.857,0.177,0.89,0.414,0.06,0.763,0.841,0.435,4.258,0.042,0.073,0.903,0.867,0.928,0.846,0.965,0.043,0.892,0.003,0.036,0.105,1.443,5.104,6.858,6.201,0.005,0.341,0.856,0.96,0.775,0.768,0.885,0.908,0.754,0.941,0.945,0.983,465.17,475.383,0.979,7,1,93.78,3,6,21,7,0,34,0.088,1,1,1,0,0,2,1,2,3,0.319,3.468,0.214,108,0.485,2,0,0,0,1,1,0,1
-4.759,3.537,4.168,0.999,0.039,0.005,0.05,0.322,-5.254,5.07E-05,0.014,98.84,0.593,1.84,0.141,0.935,0.887,0.097,0.964,0.267,0.055,0.083,0.925,0.931,6.504,0.079,0.155,0.863,0.989,0.86,0.566,0.996,0.059,0.463,0.003,0.006,0.809,0.959,5.254,7.3,6.5,0.002,0.176,0.727,0.948,0.638,0.113,0.695,0.901,0.635,0.81,0.957,0.989,646.21,640.806,1.008,12,2,149.29,11,7,21,12,0,41,0.268,2,2,2,0,1,2,2,3,5,0.147,4.026,0.194,125.581,0.196,1,0,0,0,0,1,0,0
-4.263,0.848,1.03,0.036,0.998,0.012,0.006,0.02,-5.242,5.67E-06,0.311,85.94,1.128,9.62,0.497,0.711,0.062,0.087,0.119,0.18,0.023,0.233,0.279,0.216,2.833,0.649,0.124,0.877,0.231,0.736,0.377,0.947,0.061,0.042,0.003,0.006,0.038,0.731,4.049,4.741,5.385,0.007,0.244,0.503,0.925,0.825,0.66,0.389,0.801,0.632,0.838,0.829,0.959,435.14,422.949,1.029,9,3,130.75,4,5,21,9,0,28,0.143,1,1,1,0,0,2,1,2,3,0.415,3.47,0.304,99.2,0.839,4,0,0,1,1,1,0,1
-5.028,2.691,4.285,0.138,0.996,0.007,0.991,0.277,-5.335,1.62E-05,0.233,76.01,2.939,25.71,0.061,0.384,0.06,0.742,0.064,0.037,0.28,0.423,0.583,0.808,4.566,0.025,0.846,0.985,0.347,0.919,0.87,0.939,0.142,0.29,0.003,0.005,0.389,1.008,4.496,5.484,5.96,0.009,0.125,0.387,0.918,0.776,0.823,0.809,0.788,0.319,0.86,0.856,0.975,586.28,589.793,0.994,10,1,114.2,6,7,21,10,0,40,0.15,1,1,1,0,2,3,2,1,4,0.356,3.633,0.515,140.8,0.261,3,0,0,0,1,1,0,0
-3.681,1.576,1.581,0.005,0.984,0.214,0.996,0.542,-5.379,1.01E-05,0.879,78.01,2.001,16.38,0.302,0.799,0.067,0.823,0.04,0.219,0.019,0.879,0.178,0.907,12.7,0.047,0.769,0.905,0.353,0.864,0.321,0.956,0.128,0.142,0.003,0.004,0.326,1.086,3.262,5.561,5.814,0.003,0.213,0.703,0.905,0.418,0.797,0.267,0.584,0.658,0.717,0.534,0.976,518.22,505.949,1.024,10,1,106.36,3,7,25,10,0,38,0.079,1,1,1,0,0,3,1,1,3,0.405,3.6,0.464,134.122,0.318,4,0,0,0,1,1,0,0
-4.496,2.191,3.077,0.037,0.565,0.03,0.844,0.306,-5.485,2.85E-05,0.408,92.33,1.282,3.11,0.123,0.736,0.831,0.667,0.917,0.66,0.15,0.866,0.923,0.923,10.337,0.016,0.901,0.992,0.94,0.91,0.54,0.949,0.018,0.312,0.003,0.005,0.285,1.053,4.711,6.722,6.274,0.006,0.193,0.32,0.95,0.621,0.753,0.254,0.696,0.134,0.355,0.62,0.916,616.2,594.523,1.036,11,1,131.27,6,7,21,12,0,41,0.146,1,1,1,0,0,2,1,1,3,0.286,3.445,0.344,139.674,-0.184,3,0,0,0,0,1,0,0
-5.38,3.001,4.167,0.195,0.501,0.03,0.033,0.342,-5.57,3.11E-05,0.292,95.7,1.106,2.16,0.153,0.754,0.767,0.135,0.819,0.544,0.103,0.78,0.894,0.919,8.767,0.008,0.898,0.994,0.947,0.854,0.808,0.961,0.018,0.53,0.003,0.005,0.231,1.124,4.899,6.944,6.265,0.004,0.177,0.43,0.961,0.642,0.746,0.624,0.781,0.088,0.531,0.787,0.935,636.2,623.791,1.02,10,1,122.04,5,8,21,11,0,46,0.109,1,1,1,0,0,2,1,1,4,0.284,3.502,0.286,152.311,-0.197,2,0,0,0,1,1,0,0
-5.822,3.23,4.34,0.209,0.756,0.005,0.877,0.505,-5.126,1.79E-05,0.016,96.8,0.847,2.13,0.613,0.86,0.885,0.081,0.938,0.483,0.056,0.291,0.827,0.271,5.539,0.019,0.434,0.966,0.895,0.916,0.977,0.976,0.046,0.197,0.003,0.007,0.683,0.873,4.852,6.85,6.905,0.007,0.477,0.575,0.962,0.461,0.759,0.947,0.93,0.247,0.919,0.944,0.992,596.19,559.391,1.066,10,1,125.66,9,6,21,13,0,33,0.273,1,2,1,0,0,2,3,1,3,0.206,3.762,0.367,119.561,0.185,4,0,0,0,1,1,0,0
-4.39,2.06,2.924,0.007,0.004,0.857,0.967,0.849,-5.658,2.86E-05,0.315,95.67,1.703,2.99,0.415,0.712,0.895,0.512,0.916,0.688,0.252,0.809,0.921,0.922,8.521,0.017,0.866,0.987,0.939,0.898,0.341,0.952,0.023,0.356,0.003,0.005,0.652,1.102,4.613,6.712,4.773,0.002,0.086,0.293,0.953,0.667,0.764,0.621,0.664,0.07,0.444,0.615,0.9,592.15,554.99,1.067,10,1,122.04,5,7,21,12,0,40,0.125,1,1,1,0,0,2,1,2,3,0.309,3.536,0.345,137.718,-0.425,4,0,0,0,1,1,0,0
-4.38,2.109,2.986,0.028,0.271,0.168,0.177,0.255,-5.555,3.19E-05,0.542,95.41,1.452,3.25,0.256,0.311,0.802,0.513,0.909,0.535,0.227,0.699,0.904,0.92,9.664,0.015,0.892,0.992,0.953,0.718,0.649,0.95,0.02,0.216,0.003,0.005,0.218,1.167,4.417,6.546,5.508,0.004,0.181,0.307,0.946,0.616,0.733,0.254,0.607,0.058,0.301,0.564,0.905,586.19,568.437,1.031,10,1,122.04,5,7,21,11,0,41,0.122,1,1,1,0,0,2,1,1,3,0.312,3.403,0.323,137,-0.181,2,0,0,0,1,1,0,0
-4.73,2.174,2.751,0.071,0.089,0.025,0.139,0.797,-4.987,2.43E-05,0.039,88.77,0.814,6.11,0.568,0.664,0.505,0.281,0.711,0.58,0.075,0.345,0.488,0.265,10.357,0.548,0.106,0.745,0.488,0.883,0.844,0.947,0.034,0.757,0.003,0.013,0.079,1.54,4.946,6.516,6.259,0.011,0.502,0.728,0.962,0.826,0.845,0.949,0.928,0.444,0.947,0.971,0.982,450.18,449.181,1.002,8,2,110.88,4,5,21,8,0,27,0.148,1,3,1,0,0,2,1,2,3,0.462,3.642,0.4,104.657,0.931,4,0,0,0,1,1,0,1
-4.866,1.574,1.822,0.332,0.163,0.067,0.965,0.132,-5.112,2.81E-05,0.101,75.7,0.617,24.04,0.162,0.088,0.249,0.1,0.698,0.507,0.001,0.175,0.496,0.646,2.572,0.576,0.046,0.933,0.879,0.799,0.832,0.917,0.104,0.538,0.003,0.015,0.04,1.199,5.152,6.762,6.759,0.002,0.042,0.389,0.869,0.356,0.827,0.818,0.784,0.868,0.869,0.952,0.995,520.15,502.234,1.036,11,0,140.09,8,5,21,11,0,30,0.267,1,1,1,0,0,3,1,1,3,0.219,3.663,0.333,104.5,1.123,3,0,0,0,0,1,0,0
-5.82,2.521,3.548,0.065,0.958,0.004,0.002,0.006,-5.305,1.60E-05,0.124,97.57,0.512,1.62,0.847,0.771,0.863,0.092,0.812,0.322,0.536,0.794,0.807,0.211,4.823,0.042,0.537,0.965,0.144,0.898,0.931,0.965,0.045,0.416,0.003,0.009,0.057,1.566,4.832,6.225,6.537,0.007,0.561,0.714,0.967,0.669,0.708,0.835,0.839,0.37,0.895,0.939,0.969,471.16,466.791,1.009,7,2,93.45,4,6,21,8,0,33,0.121,1,2,2,0,0,4,2,1,4,0.387,3.295,0.222,108.182,0.213,2,0,0,0,1,1,0,1
-4.495,1.437,2.08,0.012,0.217,0.005,0.003,0.013,-5.065,1.42E-05,0.457,72.1,1.066,9.07,0.902,0.936,0.244,0.511,0.62,0.389,0.012,0.141,0.459,0.87,8.755,0.156,0.197,0.871,0.483,0.541,0.979,0.978,0.032,0.705,0.003,0.008,0.434,1.188,4.618,6.194,6.079,0.032,0.653,0.486,0.951,0.562,0.497,0.918,0.868,0.838,0.839,0.907,0.982,406.15,405.798,1.001,7,2,101.65,4,5,21,7,0,27,0.148,2,1,1,0,0,2,1,1,3,0.645,3.78,0.348,92.613,0.793,1,0,0,0,1,1,0,1
-4.704,1.738,2.471,0.018,0.016,0.005,0.001,0.003,-4.967,3.10E-05,0.258,92.15,0.937,4.47,0.964,0.425,0.921,0.077,0.915,0.369,0.052,0.212,0.942,0.665,2.492,0.116,0.626,0.895,0.928,0.833,0.702,0.954,0.054,0.188,0.003,0.01,0.148,1.953,4.932,6.989,6.122,0.006,0.699,0.85,0.989,0.5,0.775,0.921,0.93,0.802,0.937,0.95,0.988,425.14,426.131,0.998,7,1,94.31,2,6,21,7,0,33,0.061,1,1,1,0,0,2,1,1,3,0.437,3.3,0.2,105.6,0.694,1,0,0,0,1,1,0,1
-5.267,2.291,2.87,0.471,0.993,0.009,0.007,0.272,-5.16,1.62E-05,0.325,88.65,2.325,11.24,0.826,0.393,0.792,0.069,0.915,0.436,0.009,0.197,0.922,0.323,8.469,0.283,0.855,0.923,0.95,0.937,0.718,0.975,0.325,0.378,0.003,0.006,0.102,1.314,4.689,5.988,4.796,0.003,0.097,0.704,0.991,0.421,0.789,0.946,0.92,0.559,0.961,0.863,0.989,552.21,543.199,1.017,11,1,134.25,7,7,21,11,0,37,0.189,1,1,1,0,0,2,1,2,3,0.234,3.714,0.333,122.85,0.152,3,0,0,0,0,1,0,0
-7.449,3.026,3.37,0.952,0.999,0.879,0.986,0.997,-5.693,4.51E-06,0.09,96.17,1.424,4.85,0.069,0.858,0.222,0.062,0.515,0.086,0.063,0.168,0.634,0.18,6.708,0.119,0.181,0.624,0.958,0.065,0.665,0.924,0.015,0.048,0.003,0.003,0.022,1.083,3.49,4.145,5.5,0.005,0.216,0.697,0.892,0.484,0.379,0.868,0.905,0.531,0.803,0.929,0.992,781.31,763.197,1.024,17,4,206.27,18,7,21,17,0,40,0.45,1,2,1,0,0,6,1,2,4,0.087,4.207,0.35,136.889,-0.087,3,0,0,0,0,1,0,0
-5.619,2.897,2.965,0.971,0.324,0.003,0.007,0.69,-4.74,2.20E-05,0.155,91.55,0.82,4.66,0.381,0.965,0.189,0.521,0.478,0.07,0.056,0.351,0.354,0.404,4.21,0.17,0.191,0.739,0.486,0.928,0.658,0.906,0.046,0.929,0.003,0.026,0.057,2.23,4.515,5.767,5.817,0.035,0.841,0.854,0.933,0.806,0.659,0.861,0.892,0.504,0.76,0.901,0.979,436.2,443.027,0.985,7,1,82.81,6,5,21,7,0,26,0.231,3,2,1,0,0,1,0,1,3,0.499,4.122,0.44,93.444,0.661,0,0,0,0,1,1,0,1
-6.403,3.33,3.995,0.945,0.017,0.004,0.002,0.009,-4.838,2.04E-05,0.266,95.45,0.87,1.86,0.335,0.964,0.491,0.315,0.722,0.159,0.102,0.496,0.317,0.371,3.527,0.163,0.072,0.887,0.253,0.964,0.86,0.939,0.041,0.637,0.003,0.02,0.48,1.39,4.876,6.543,6.78,0.037,0.804,0.701,0.904,0.713,0.707,0.913,0.9,0.451,0.744,0.918,0.982,482.13,429.982,1.121,6,1,73.58,5,5,21,11,0,26,0.192,2,3,1,1,0,1,3,1,3,0.444,4.065,0.391,110.5,0.563,0,0,0,0,1,0,0,1
-6.143,3.338,3.756,0.854,0.342,0.003,0.006,0.682,-4.778,2.31E-05,0.354,91.47,0.817,3.94,0.543,0.962,0.378,0.648,0.569,0.133,0.079,0.571,0.471,0.416,4.654,0.174,0.105,0.812,0.341,0.948,0.872,0.944,0.035,0.903,0.003,0.026,0.149,2.155,4.544,5.926,6.055,0.092,0.862,0.836,0.928,0.847,0.667,0.915,0.885,0.487,0.783,0.921,0.977,406.19,416.941,0.974,6,1,73.58,4,5,21,6,0,26,0.154,3,2,1,0,0,1,0,1,3,0.56,4.043,0.417,93.824,0.799,0,0,0,0,1,0,0,1
-5.83,2.772,2.727,0.837,0.215,0.003,0.012,0.817,-4.737,1.73E-05,0.059,92.11,0.608,4.56,0.603,0.972,0.135,0.488,0.446,0.15,0.088,0.554,0.742,0.267,5.058,0.271,0.408,0.589,0.305,0.816,0.591,0.914,0.081,0.914,0.003,0.018,0.092,1.891,4.413,5.7,6.318,0.077,0.762,0.803,0.915,0.858,0.701,0.879,0.912,0.696,0.435,0.908,0.98,452.19,451.817,1.001,8,1,92.04,7,5,21,8,0,26,0.269,2,2,1,0,0,1,0,1,3,0.431,3.858,0.44,93.444,0.552,2,0,0,0,1,1,0,1
-4.636,1.375,1.571,0.164,0.55,0.041,0.685,0.02,-5.086,2.61E-05,0.227,76.69,0.918,17.77,0.661,0.127,0.269,0.099,0.627,0.362,0.004,0.184,0.404,0.419,2.521,0.629,0.055,0.664,0.519,0.796,0.876,0.959,0.061,0.791,0.003,0.011,0.059,1.288,5.03,6.568,6.153,0.004,0.1,0.404,0.935,0.501,0.753,0.842,0.849,0.859,0.911,0.947,0.99,478.14,461.488,1.036,10,1,134.02,6,5,21,10,0,29,0.207,1,1,1,0,0,3,1,1,3,0.345,3.543,0.32,101.818,1.117,3,0,0,0,1,1,0,1
-6.326,2.598,3.819,0.014,0.001,0.006,0.041,0.118,-4.812,2.37E-05,0.138,95.73,0.702,1.98,0.917,0.695,0.682,0.078,0.809,0.281,0.03,0.706,0.901,0.441,3.041,0.059,0.389,0.94,0.451,0.85,0.88,0.971,0.026,0.555,0.003,0.013,0.287,2.267,5.084,7.072,6.525,0.086,0.881,0.754,0.954,0.866,0.762,0.974,0.963,0.928,0.92,0.97,0.991,430.1,418.984,1.027,6,1,81.42,2,6,21,7,0,32,0.062,1,1,1,0,0,2,1,2,3,0.431,3.357,0.208,105.828,0.369,2,0,0,0,1,1,0,1
-5.032,1.941,1.838,0.018,0.002,0.005,0.375,0.307,-4.958,2.00E-05,0.153,93.45,0.596,2.25,0.91,0.655,0.733,0.215,0.632,0.437,0.183,0.334,0.884,0.269,12.58,0.3,0.083,0.522,0.307,0.613,0.688,0.927,0.045,0.901,0.003,0.013,0.052,1.588,4.193,6.015,5.85,0.038,0.264,0.801,0.847,0.485,0.405,0.591,0.903,0.789,0.797,0.928,0.987,392.1,371.44,1.056,8,1,99.88,1,6,24,8,0,31,0.032,1,1,1,0,0,3,1,2,3,0.493,3.428,0.286,108.778,0.981,4,0,0,0,1,1,1,1
-5.158,1.742,2.225,0.01,0.001,0.856,0.973,0.977,-5.59,1.97E-05,0.071,95.82,0.393,1.75,0.46,0.354,0.851,0.528,0.915,0.898,0.39,0.531,0.908,0.762,2.483,0.111,0.241,0.81,0.983,0.061,0.429,0.948,0.066,0.868,0.003,0.005,0.107,0.728,3.985,5.125,4.899,0.014,0.045,0.243,0.404,0.573,0.01,0.279,0.831,0.037,0.017,0.87,0.899,581.09,532.902,1.09,11,2,153.89,8,6,21,13,0,35,0.229,1,1,1,1,0,3,1,4,3,0.228,3.764,0.259,117.529,-0.051,7,0,0,0,0,1,0,0
-6.882,3.476,4.689,0.204,0.639,0.005,0.006,0.034,-5.373,2.08E-05,0.079,98.47,0.457,1.17,0.821,0.675,0.853,0.072,0.825,0.424,0.582,0.811,0.872,0.153,4.368,0.048,0.288,0.97,0.344,0.807,0.976,0.95,0.044,0.766,0.003,0.012,0.049,1.288,5.067,6.487,5.938,0.006,0.767,0.794,0.963,0.814,0.795,0.943,0.951,0.749,0.941,0.961,0.983,503.18,516.078,0.975,7,2,93.45,4,7,21,7,0,38,0.105,1,1,1,0,0,4,1,1,5,0.334,3.321,0.194,120.162,0.348,2,0,0,0,1,1,0,0
-5.178,2.447,3.24,0.028,0.004,0.004,0.007,0.01,-4.92,3.66E-05,0.272,88.46,0.636,3.48,0.662,0.576,0.671,0.23,0.747,0.576,0.012,0.31,0.723,0.625,10.452,0.283,0.131,0.924,0.875,0.85,0.868,0.922,0.06,0.551,0.003,0.013,0.027,1.488,4.826,6.425,6.681,0.01,0.704,0.557,0.909,0.485,0.737,0.941,0.871,0.782,0.795,0.885,0.985,404.14,403.162,1.002,7,0,87.49,4,5,21,7,0,28,0.143,1,1,1,0,0,2,1,1,3,0.488,3.341,0.304,92.8,0.96,1,0,0,0,1,1,0,1
-6.563,2.555,1.58,0.378,1,0.105,0.876,0.994,-5.697,5.27E-06,0.061,93.25,1.062,8.43,0.045,0.852,0.06,0.053,0.534,0.13,0.011,0.145,0.251,0.254,5.756,0.165,0.256,0.869,0.978,0.073,0.107,0.954,0.013,0.737,0.003,0.004,0.019,1.172,2.642,4.195,5.508,0.001,0.13,0.653,0.836,0.477,0.457,0.9,0.937,0.708,0.708,0.895,0.994,783.3,750.598,1.044,19,4,232.05,18,7,21,19,0,40,0.45,1,2,1,0,0,6,1,2,4,0.087,4.35,0.368,137.077,-0.003,3,0,0,0,0,1,0,0
-4.489,2.652,3.556,0.031,0.989,0.005,0.03,0.695,-5.073,1.96E-05,0.786,77.52,2.214,19.16,0.586,0.784,0.827,0.434,0.193,0.109,0.467,0.57,0.77,0.306,5.12,0.042,0.817,0.964,0.238,0.864,0.728,0.97,0.088,0.084,0.003,0.006,0.352,1.293,4.774,6.291,5.637,0.006,0.194,0.567,0.957,0.67,0.623,0.723,0.636,0.542,0.919,0.889,0.97,459.22,468.632,0.98,7,2,93.45,4,6,21,7,0,33,0.121,1,1,1,0,0,2,1,1,3,0.454,3.375,0.444,114.231,0.63,1,0,0,0,1,1,0,1
-4.543,1.509,1.702,0.08,0.99,0.007,0.009,0.49,-5.065,9.65E-06,0.347,88.48,0.958,9.24,0.864,0.968,0.109,0.143,0.421,0.167,0.033,0.252,0.524,0.338,8.295,0.445,0.12,0.755,0.383,0.87,0.807,0.945,0.095,0.748,0.003,0.023,0.039,1.301,4.862,6.232,6.314,0.011,0.725,0.634,0.961,0.787,0.814,0.938,0.943,0.63,0.94,0.963,0.986,408.13,397.293,1.027,8,2,110.88,3,5,21,8,0,27,0.111,1,2,1,0,0,2,1,2,3,0.498,3.483,0.318,96.207,1.11,4,0,0,0,1,1,0,1
-4.576,1.272,1.69,0.007,0.965,0.004,0.002,0.004,-5.171,1.63E-05,0.403,82.99,1.173,7.39,0.944,0.735,0.599,0.251,0.564,0.172,0.058,0.331,0.602,0.308,6.755,0.221,0.4,0.853,0.309,0.902,0.813,0.958,0.049,0.855,0.003,0.024,0.057,1.433,4.314,5.614,5.925,0.022,0.76,0.838,0.954,0.663,0.683,0.928,0.941,0.804,0.928,0.944,0.98,363.12,356.117,1.02,7,3,107.44,1,5,21,7,0,27,0.037,1,1,1,0,0,4,1,2,8,0.393,3.32,0.25,93.96,1.015,2,0,0,0,1,1,1,1
-6.799,3.108,4.351,0.105,0.005,0.021,0.984,0.993,-4.902,3.08E-05,0.144,95.25,0.702,1.64,0.803,0.842,0.722,0.508,0.825,0.217,0.033,0.159,0.701,0.529,5.296,0.09,0.157,0.854,0.819,0.907,0.795,0.96,0.023,0.893,0.003,0.006,0.364,1.741,4.682,6.405,5.862,0.005,0.15,0.7,0.946,0.617,0.774,0.41,0.807,0.209,0.946,0.936,0.973,447.18,448.751,0.997,8,1,103.01,4,5,21,8,0,28,0.143,1,2,1,1,0,2,1,2,3,0.294,3.621,0.36,101.647,0.866,1,0,0,0,1,1,0,1
-4.418,1.502,2.061,0.011,0.034,0.004,0.002,0.003,-4.958,2.84E-05,0.586,88.65,0.795,4.73,0.962,0.765,0.635,0.26,0.574,0.324,0.045,0.365,0.374,0.357,7.535,0.239,0.221,0.788,0.352,0.858,0.864,0.961,0.037,0.779,0.003,0.015,0.046,1.547,4.307,6.228,5.997,0.019,0.785,0.649,0.944,0.702,0.632,0.897,0.901,0.839,0.89,0.909,0.976,348.11,345.12,1.009,6,1,81.42,1,5,21,6,0,27,0.037,1,1,1,0,0,2,1,1,3,0.533,3.176,0.25,90.72,1.015,1,0,0,0,1,1,1,1
-4.252,1.275,1.678,0.043,0.121,0.006,0.003,0.005,-5.077,2.44E-05,0.199,91.1,1.036,4.71,0.936,0.862,0.629,0.15,0.793,0.306,0.034,0.217,0.632,0.333,3.459,0.12,0.288,0.852,0.562,0.812,0.873,0.942,0.052,0.622,0.003,0.011,0.187,1.38,4.615,6.112,5.397,0.006,0.542,0.531,0.944,0.611,0.658,0.839,0.735,0.705,0.889,0.903,0.973,390.12,385.866,1.011,7,1,98.49,2,5,21,7,0,28,0.071,1,1,1,0,0,3,1,1,3,0.417,3.291,0.273,96.429,0.802,1,0,0,0,1,1,1,1
-6.216,3.134,4.004,0.179,0.116,0.003,0.022,0.014,-4.942,2.28E-05,0.151,90.23,1.125,6.04,0.47,0.939,0.625,0.496,0.699,0.33,0.026,0.409,0.603,0.303,10.81,0.059,0.371,0.931,0.438,0.696,0.974,0.973,0.038,0.905,0.003,0.008,0.065,1.188,5.01,5.771,6.413,0.008,0.796,0.726,0.955,0.618,0.796,0.953,0.934,0.803,0.916,0.947,0.99,476.19,475.216,1.002,8,1,99.88,5,6,25,8,0,32,0.156,2,2,1,0,0,3,1,1,3,0.347,3.949,0.444,112.462,1.171,3,0,0,0,1,1,0,1
-3.429,-0.168,0.882,0.005,0.111,0.005,0.001,0.002,-5.15,1.95E-05,0.292,79.18,0.717,8.22,0.592,0.104,0.024,0.166,0.153,0.33,0.003,0.162,0.03,0.193,0.941,0.735,0.034,0.895,0.528,0.06,0.302,0.953,0.051,0.042,0.003,0.012,0.086,0.491,2.542,4.011,4.771,0.028,0.223,0.463,0.916,0.548,0.038,0.441,0.364,0.064,0.327,0.696,0.907,365.11,361.149,1.011,7,2,115.48,4,4,17,7,-1,22,0.182,1,1,1,0,0,0,0,1,3,0.536,3.548,0.25,77,0.314,0,0,0,0,1,1,1,1
-4.61,1.421,2.177,0.09,0.997,0.013,0.012,0.006,-5.49,9.13E-06,0.139,85.83,1.347,10.06,0.316,0.876,0.101,0.229,0.076,0.135,0.046,0.326,0.461,0.329,5.46,0.104,0.477,0.668,0.132,0.922,0.428,0.977,0.114,0.722,0.003,0.007,0.585,1.259,5.109,7.019,7.007,0.009,0.85,0.588,0.977,0.829,0.843,0.847,0.666,0.172,0.383,0.942,0.989,435.16,422.812,1.029,7,3,107.44,1,6,23,8,0,31,0.032,2,2,3,0,0,2,2,1,4,0.445,4.068,0.375,121.091,0.782,1,0,0,0,1,1,0,1
-6.52,2.595,2.146,0.648,0.999,0.93,0.992,0.995,-5.9,5.47E-06,0.633,89.02,1.996,13.21,0.035,0.954,0.038,0.062,0.102,0.045,0.022,0.288,0.27,0.539,7.162,0.087,0.488,0.545,0.935,0.071,0.423,0.952,0.021,0.093,0.003,0.002,0.026,0.875,2.796,3.893,5.46,0.005,0.083,0.707,0.721,0.29,0.086,0.286,0.728,0.417,0.52,0.86,0.984,824.35,808.786,1.019,18,4,209.51,20,7,21,18,0,40,0.5,1,3,1,0,0,7,1,2,4,0.077,4.299,0.381,139.655,-0.177,3,0,0,0,0,1,0,0
-4.298,1.464,3.249,0.017,0.998,0.126,0.021,0.053,-5.297,8.13E-06,0.159,62.82,1.672,32.7,0.047,0.161,0.02,0.391,0.018,0.023,0.356,0.185,0.04,0.401,1.664,0.162,0.25,0.967,0.212,0.04,0.351,0.951,0.227,0.023,0.003,0.006,0.579,0.453,2.76,3.844,4.945,0.056,0.05,0.236,0.881,0.72,0.687,0.431,0.616,0.026,0.544,0.478,0.907,604.29,607.139,0.995,11,3,145.43,9,6,17,11,0,35,0.257,1,1,1,0,2,1,1,1,4,0.288,3.722,0.515,127.28,-0.045,2,0,0,0,0,1,0,0
-5.292,1.929,3.6,0.31,0.986,0.008,0.974,0.986,-5.61,2.63E-05,0.013,92.82,0.324,2.16,0.008,0.145,0.058,0.062,0.757,0.029,0.005,0.063,0.853,0.897,4.841,0.141,0.256,0.998,0.978,0.067,0.613,0.803,0.019,0.016,0.003,0.003,0.004,0.722,5.337,5.145,6.904,0,0.177,0.302,0.912,0.427,0.929,0.924,0.956,0.803,0.796,0.953,0.999,980.32,953.425,1.028,20,2,251.64,19,10,21,20,0,58,0.328,4,2,1,0,0,2,1,2,3,0.085,5.328,0.346,196.629,0.184,1,0,0,0,0,1,0,0
-3.785,-0.049,0.951,0.007,0.011,0.006,0.001,0.004,-5.235,1.26E-05,0.155,86.84,0.42,4.17,0.247,0.08,0.024,0.141,0.16,0.369,0.002,0.171,0.025,0.17,0.777,0.772,0.034,0.892,0.427,0.065,0.296,0.757,0.064,0.026,0.003,0.011,0.049,0.582,2.862,4.106,4.856,0.101,0.09,0.563,0.851,0.236,0.006,0.116,0.114,0.023,0.269,0.553,0.862,365.11,361.149,1.011,7,2,115.48,4,4,17,7,-1,22,0.182,1,1,1,0,0,0,0,1,3,0.536,3.548,0.25,77,0.314,0,0,0,0,1,1,1,1
-5.306,1.606,1.99,0.024,0.609,0.006,0.005,0.003,-5.122,2.13E-05,0.24,91.95,1.093,5.99,0.913,0.94,0.651,0.383,0.674,0.426,0.032,0.415,0.764,0.545,7.643,0.084,0.299,0.867,0.821,0.816,0.906,0.956,0.025,0.563,0.003,0.009,0.274,1.793,4.603,6.726,5.631,0.005,0.613,0.571,0.976,0.585,0.722,0.916,0.822,0.428,0.82,0.929,0.973,428.15,422.468,1.013,8,1,99.24,2,6,21,8,0,32,0.062,1,1,1,0,0,2,1,1,3,0.434,3.519,0.25,108.8,0.36,1,0,0,0,1,1,0,1
-4.627,1.588,1.931,0.053,0.915,0.006,0.012,0.936,-5.026,1.28E-05,0.107,90.79,0.769,7.4,0.856,0.897,0.172,0.125,0.552,0.163,0.041,0.213,0.535,0.238,10.315,0.498,0.249,0.766,0.423,0.879,0.761,0.93,0.064,0.596,0.003,0.026,0.03,1.388,4.908,6.394,6.268,0.01,0.757,0.666,0.96,0.823,0.815,0.948,0.941,0.647,0.944,0.962,0.985,422.15,414.589,1.018,8,2,110.88,4,5,21,8,0,27,0.148,1,2,1,0,0,2,1,2,3,0.486,3.516,0.348,95.806,1.018,4,0,0,0,1,1,0,1
-8.576,3.104,4.08,0.995,1,0.964,0.996,1,-5.682,5.44E-06,0.117,96.66,1.496,5.76,0.038,0.838,0.148,0.056,0.455,0.083,0.052,0.164,0.634,0.139,5.703,0.065,0.205,0.576,0.974,0.057,0.557,0.888,0.008,0.229,0.003,0.003,0.021,1.152,3.672,4.109,5.54,0.001,0.223,0.807,0.883,0.489,0.571,0.922,0.926,0.536,0.851,0.951,0.997,933.37,907.377,1.029,21,5,249.53,23,8,21,21,0,46,0.5,1,2,1,0,0,6,1,2,4,0.056,4.681,0.34,157.857,-0.127,3,0,0,0,0,1,0,0
-4.763,1.62,2.665,0.377,0.995,0.022,0.016,0.045,-5.176,1.18E-05,0.016,95.5,0.567,3.62,0.449,0.817,0.236,0.073,0.866,0.67,0.055,0.457,0.584,0.205,5.247,0.224,0.305,0.884,0.241,0.832,0.671,0.979,0.164,0.826,0.003,0.008,0.095,1.102,4.581,6.395,6.285,0.004,0.033,0.69,0.971,0.864,0.86,0.755,0.895,0.27,0.935,0.959,0.986,541.18,530.425,1.02,10,3,136.04,4,7,21,10,0,37,0.108,1,2,1,0,0,4,1,2,3,0.295,3.964,0.3,133.513,0.938,3,0,0,0,1,1,0,0
-5.042,1.946,2.709,0.014,0.08,0.004,0.001,0.003,-4.833,2.50E-05,0.358,90.71,1.02,5.9,0.956,0.244,0.876,0.067,0.865,0.283,0.06,0.269,0.955,0.572,5.148,0.214,0.712,0.851,0.762,0.904,0.725,0.972,0.047,0.306,0.003,0.012,0.064,2.138,5.032,6.925,6.505,0.024,0.761,0.777,0.983,0.61,0.825,0.947,0.949,0.811,0.947,0.948,0.986,425.14,426.131,0.998,7,1,94.31,2,6,21,7,0,33,0.061,1,1,1,0,0,2,1,1,3,0.437,3.307,0.2,105.6,0.701,1,0,0,0,1,1,0,1
-5.042,1.946,2.709,0.014,0.08,0.004,0.001,0.003,-4.833,2.50E-05,0.358,90.71,1.02,5.9,0.956,0.244,0.876,0.067,0.865,0.283,0.06,0.269,0.955,0.572,5.148,0.214,0.712,0.851,0.762,0.904,0.725,0.972,0.047,0.306,0.003,0.012,0.064,2.138,5.032,6.925,6.505,0.024,0.761,0.777,0.983,0.61,0.825,0.947,0.949,0.811,0.947,0.948,0.986,425.14,426.131,0.998,7,1,94.31,2,6,21,7,0,33,0.061,1,1,1,0,0,2,1,1,3,0.437,3.307,0.2,105.6,0.701,1,0,0,0,1,1,0,1
-5.336,2.616,2.425,0.874,0.397,0.003,0.006,0.663,-4.761,1.99E-05,0.598,90.12,0.865,5.55,0.322,0.974,0.115,0.655,0.341,0.085,0.049,0.549,0.298,0.516,3.733,0.194,0.101,0.795,0.374,0.93,0.815,0.921,0.059,0.956,0.003,0.027,0.072,1.91,4.356,5.569,5.785,0.053,0.873,0.828,0.932,0.754,0.668,0.884,0.894,0.6,0.725,0.897,0.981,422.18,425.731,0.992,7,1,82.81,5,5,21,7,0,26,0.192,3,2,1,0,0,1,0,1,3,0.533,4.086,0.417,93.824,0.725,0,0,0,0,1,1,0,1
-6.361,2.694,2.631,0.676,0.294,0.003,0.008,0.201,-4.719,0.0001403473289,0.043,93.12,0.701,4.23,0.502,0.964,0.172,0.215,0.591,0.125,0.135,0.194,0.529,0.182,3.783,0.184,0.711,0.475,0.32,0.941,0.553,0.855,0.186,0.959,0.003,0.024,0.083,1.754,4.738,6.035,6.011,0.057,0.878,0.808,0.939,0.753,0.705,0.944,0.939,0.602,0.798,0.95,0.98,467.17,451.672,1.034,10,1,125.95,7,5,21,10,0,27,0.259,2,4,1,0,0,1,0,3,8,0.25,3.973,0.417,97.059,0.253,2,0,0,0,1,1,0,1
-5.748,2.489,3.404,0.083,0.88,0.004,0.013,0.014,-5.25,1.56E-05,0.231,95.36,1.236,6.66,0.796,0.953,0.594,0.187,0.718,0.262,0.003,0.228,0.681,0.638,9.11,0.029,0.389,0.951,0.983,0.108,0.971,0.973,0.034,0.748,0.003,0.005,0.346,1.784,4.389,5.829,5.281,0.004,0.649,0.839,0.988,0.624,0.735,0.906,0.9,0.749,0.768,0.936,0.985,498.19,491.886,1.013,9,1,108.47,3,7,21,9,0,38,0.079,2,2,1,0,0,2,1,1,3,0.378,3.947,0.357,130,0.549,1,0,0,0,1,1,0,1
-4.681,3.684,3.943,0.935,0.006,0.004,0.034,0.218,-5.204,5.31E-05,0.014,98.85,0.709,1.93,0.147,0.899,0.893,0.1,0.968,0.306,0.04,0.093,0.916,0.933,6.169,0.1,0.14,0.845,0.992,0.825,0.692,0.996,0.05,0.552,0.003,0.007,0.642,0.993,5.297,7.436,6.465,0.005,0.191,0.673,0.94,0.85,0.713,0.893,0.914,0.687,0.749,0.961,0.985,646.21,640.806,1.008,12,2,149.29,11,7,21,12,0,41,0.268,2,2,2,0,1,2,2,3,5,0.147,4.026,0.194,125.581,0.196,1,0,0,0,0,1,0,0
-4.766,2.732,3.652,0.984,0.001,0.035,0.96,0.998,-4.985,3.41E-05,0.041,96.8,0.426,1.62,0.044,0.896,0.46,0.733,0.831,0.171,0.044,0.074,0.805,0.927,9.515,0.206,0.007,0.909,0.989,0.352,0.748,0.992,0.139,0.314,0.003,0.006,0.912,0.473,3.95,6.083,5.57,0.001,0.02,0.732,0.963,0.855,0.85,0.766,0.869,0.022,0.787,0.959,0.971,578.24,569.962,1.015,12,2,149.29,9,5,21,12,0,29,0.31,2,3,2,0,1,2,2,3,5,0.258,4.162,0.433,119.302,0.177,1,0,0,0,0,1,0,0
-4.681,1.912,2.277,0.045,0.269,0.006,0.004,0.46,-4.984,1.82E-05,0.153,90.18,0.854,5.56,0.68,0.802,0.427,0.288,0.68,0.403,0.038,0.295,0.413,0.38,9.981,0.493,0.181,0.894,0.513,0.88,0.799,0.949,0.042,0.711,0.003,0.013,0.051,1.451,4.841,6.212,6.151,0.012,0.773,0.727,0.961,0.835,0.828,0.954,0.942,0.784,0.945,0.965,0.985,436.16,431.885,1.01,8,2,110.88,4,5,21,8,0,27,0.148,1,2,1,0,0,2,1,2,3,0.473,3.564,0.375,98.636,0.861,4,0,0,0,1,1,0,1
-5.84,2.828,4.183,0.211,0.938,0.004,0.002,0.005,-5.368,1.81E-05,0.093,98.16,0.4,1.39,0.869,0.804,0.886,0.09,0.88,0.243,0.588,0.56,0.878,0.196,4.365,0.075,0.483,0.951,0.191,0.771,0.946,0.959,0.05,0.225,0.003,0.009,0.048,1.838,5.003,6.467,5.82,0.006,0.431,0.803,0.961,0.838,0.737,0.88,0.926,0.71,0.922,0.963,0.983,487.13,475.934,1.024,7,2,93.45,4,6,21,8,0,33,0.121,1,2,2,0,0,4,2,1,4,0.366,3.326,0.222,108.182,0.206,2,0,0,0,1,1,0,1
-3.818,1.256,1.817,0.023,0.458,0.069,0.95,0.851,-5.243,2.75E-05,0.692,79.59,1.77,3.19,0.109,0.369,0.24,0.82,0.474,0.481,0.052,0.659,0.758,0.925,10.698,0.051,0.671,0.981,0.981,0.93,0.193,0.945,0.016,0.112,0.003,0.004,0.497,1.206,4.102,6.555,4.729,0,0.091,0.498,0.992,0.473,0.672,0.248,0.672,0.024,0.983,0.768,0.981,553.2,526.715,1.05,11,1,125.28,5,6,21,12,0,35,0.143,1,2,1,0,0,2,1,1,3,0.363,3.55,0.444,127.641,-0.049,2,0,0,0,0,1,0,0
-4.718,1.109,1.469,0.03,0.998,0.015,0.027,0.161,-5.308,8.36E-06,0.202,87.28,1.08,11.16,0.545,0.55,0.296,0.074,0.66,0.171,0.076,0.229,0.514,0.284,9.3,0.389,0.201,0.934,0.281,0.416,0.847,0.953,0.107,0.076,0.003,0.006,0.024,1.135,3.994,4.429,5.264,0.012,0.307,0.57,0.934,0.817,0.737,0.927,0.858,0.404,0.904,0.927,0.975,461.16,448.984,1.027,9,2,121.96,3,6,21,9,0,33,0.091,1,1,1,0,0,2,1,2,3,0.447,3.541,0.36,117.353,0.741,4,0,0,1,1,1,0,1
-5.76,2.327,3.042,0.085,0.042,0.004,0.005,0.011,-4.98,2.01E-05,0.198,87.34,0.877,6.06,0.618,0.962,0.468,0.538,0.432,0.323,0.02,0.38,0.447,0.373,10.506,0.072,0.343,0.909,0.376,0.851,0.908,0.969,0.032,0.933,0.003,0.008,0.055,1.447,4.895,5.864,6.658,0.008,0.807,0.749,0.957,0.636,0.795,0.95,0.93,0.839,0.918,0.948,0.988,448.16,440.624,1.017,8,1,99.88,3,6,25,8,0,32,0.094,2,2,1,0,0,3,1,1,3,0.481,3.962,0.4,113.657,1.206,3,0,0,0,1,1,0,1
-4.232,1.591,3.038,0.736,0.754,0.131,0.989,0.988,-5.192,2.59E-05,0.171,78.76,0.698,7.45,0.036,0.448,0.419,0.824,0.875,0.82,0.102,0.328,0.628,0.912,5.465,0.132,0.013,0.288,0.647,0.867,0.615,0.946,0.116,0.765,0.003,0.021,0.22,1.176,5.082,7.22,7.02,0,0.05,0.473,0.964,0.289,0.825,0.895,0.902,0.647,0.835,0.959,0.979,572.23,567.274,1.009,11,1,140.39,6,6,21,11,0,35,0.171,2,1,1,0,0,2,1,2,5,0.287,4.466,0.419,136.045,0.708,3,0,0,0,0,1,0,0
-4.595,1.742,2.32,0.018,0.014,0.005,0.001,0.003,-4.975,3.17E-05,0.263,93.07,1.19,4.08,0.954,0.766,0.831,0.095,0.842,0.397,0.019,0.249,0.922,0.603,2.893,0.107,0.666,0.903,0.927,0.873,0.769,0.964,0.05,0.201,0.003,0.009,0.153,1.93,4.792,6.866,6.093,0.006,0.682,0.847,0.986,0.527,0.751,0.909,0.918,0.819,0.925,0.947,0.986,425.14,426.131,0.998,7,1,94.31,2,6,21,7,0,33,0.061,1,1,1,0,0,2,1,1,3,0.437,3.301,0.2,105.6,0.601,1,0,0,0,1,1,0,1
-6.435,3.088,3.135,0.949,0.064,0.004,0.002,0.205,-4.864,2.53E-05,0.279,93,0.516,2.83,0.706,0.968,0.358,0.342,0.632,0.125,0.114,0.523,0.358,0.395,3.102,0.108,0.079,0.938,0.363,0.961,0.836,0.948,0.063,0.82,0.003,0.02,0.428,1.619,4.746,6.542,6.574,0.079,0.846,0.809,0.911,0.654,0.496,0.934,0.846,0.576,0.792,0.88,0.977,432.13,400.551,1.079,6,1,73.58,4,5,21,9,0,26,0.154,2,3,1,0,0,1,3,1,3,0.537,3.893,0.364,101.267,0.439,0,0,0,0,1,0,0,1
-5.525,0.996,1.052,0.007,0.187,0.006,0.002,0.46,-5.148,1.46E-05,0.049,88.61,0.27,4.45,0.082,0.175,0.027,0.061,0.042,0.299,0.034,0.181,0.03,0.118,2.631,0.606,0.017,0.861,0.886,0.951,0.658,0.897,0.07,0.914,0.003,0.007,0.027,0.818,3.193,4.627,4.698,0.309,0.818,0.378,0.83,0.752,0.413,0.942,0.507,0.037,0.209,0.475,0.961,450.14,438.038,1.028,9,2,127.95,6,5,21,9,0,28,0.214,2,2,1,0,0,1,0,1,3,0.443,3.791,0.333,97.5,0.909,0,0,0,0,1,1,0,1
-5.572,2.992,4.178,0.084,1,0.014,0.186,0.827,-5.606,9.69E-06,0.046,91.14,1.11,7.75,0.502,0.107,0.715,0.096,0.907,0.452,0.16,0.244,0.887,0.283,4.037,0.175,0.092,0.826,0.3,0.725,0.837,0.982,0.066,0.045,0.003,0.005,0.074,1.113,5.045,5.933,7.006,0.013,0.249,0.353,0.903,0.819,0.703,0.79,0.787,0.343,0.886,0.922,0.969,618.21,597.159,1.035,11,3,148.85,9,7,21,12,0,38,0.237,4,1,1,1,0,3,1,1,3,0.117,4.524,0.469,135.213,0.522,4,0,0,0,0,1,0,0
-5.428,2.576,2.149,0.012,0.992,0.07,0.95,0.967,-5.684,1.09E-05,0.035,83.58,0.739,7.65,0.03,0.071,0.175,0.145,0.779,0.031,0.349,0.104,0.849,0.568,7.231,0.313,0.249,0.817,0.957,0.734,0.854,0.905,0.053,0.791,0.003,0.004,0.014,1.052,4.307,4.762,6.175,0.001,0.035,0.125,0.67,0.686,0.526,0.909,0.88,0.017,0.019,0.56,0.839,786.32,757.179,1.038,16,3,189.82,19,8,21,17,0,43,0.442,4,2,1,1,0,2,1,2,3,0.067,4.911,0.513,142.441,-0.322,2,0,0,0,0,1,0,0
-4.963,1.371,1.88,0.037,0.995,0.01,0.027,0.169,-5.244,8.77E-06,0.385,84.38,0.975,7.61,0.756,0.904,0.143,0.4,0.197,0.348,0.011,0.471,0.249,0.283,11.309,0.173,0.289,0.891,0.274,0.812,0.944,0.98,0.039,0.905,0.003,0.008,0.074,1.554,4.656,5.864,6.259,0.025,0.725,0.592,0.952,0.651,0.757,0.948,0.913,0.674,0.907,0.945,0.982,420.13,406.032,1.035,8,2,110.88,1,6,25,8,0,32,0.031,2,1,1,0,0,3,1,1,3,0.451,3.944,0.348,115.161,1.423,3,0,0,0,1,1,0,1
-3.808,0.589,1.296,0.014,0.999,0.005,0.006,0.01,-5.601,9.88E-06,0.465,84.67,1.444,12.4,0.86,0.786,0.023,0.064,0.008,0.029,0.62,0.303,0.241,0.177,6.591,0.147,0.566,0.936,0.182,0.569,0.801,0.96,0.06,0.048,0.003,0.005,0.067,0.588,3.458,4.424,6.19,0.006,0.017,0.307,0.934,0.69,0.69,0.043,0.81,0.043,0.122,0.648,0.895,419.16,410.066,1.022,9,5,145.82,3,5,21,9,0,28,0.107,1,1,1,0,0,2,1,2,3,0.253,3.524,0.273,96.429,1.179,1,0,0,0,1,1,0,1
-6.549,2.319,2.86,0.123,0.214,0.004,0.307,0.302,-5.081,1.41E-05,0.132,86.84,0.772,5.03,0.472,0.938,0.371,0.41,0.526,0.144,0.053,0.285,0.598,0.408,6.597,0.093,0.251,0.943,0.396,0.919,0.926,0.971,0.037,0.932,0.003,0.012,0.06,1.478,4.898,6.338,6.362,0.01,0.734,0.692,0.947,0.6,0.762,0.94,0.934,0.798,0.907,0.943,0.992,446.15,432.068,1.033,8,1,99.88,1,7,28,8,0,36,0.028,3,2,1,0,0,3,1,1,3,0.448,4.212,0.4,131.371,1.371,3,0,0,0,1,1,0,1
-4.238,1.327,1.765,0.016,0.945,0.005,0.002,0.005,-4.981,1.39E-05,0.162,88.39,0.912,6.6,0.961,0.705,0.38,0.087,0.498,0.483,0.084,0.286,0.753,0.229,11.765,0.64,0.259,0.666,0.288,0.796,0.725,0.966,0.059,0.624,0.003,0.018,0.047,1.17,4.663,6.04,5.884,0.024,0.777,0.709,0.949,0.91,0.832,0.862,0.944,0.768,0.92,0.966,0.984,364.11,353.91,1.029,7,2,101.65,1,5,21,7,0,27,0.037,1,1,1,0,0,2,1,2,3,0.499,3.338,0.25,93.96,1.258,4,0,0,0,1,1,1,1
-5.99,3.509,4.149,0.213,0.007,0.004,0.79,0.628,-5.322,2.61E-05,0.035,97.45,0.546,1.69,0.223,0.679,0.925,0.127,0.899,0.684,0.176,0.255,0.929,0.833,9.712,0.096,0.236,0.953,0.342,0.71,0.923,0.927,0.039,0.612,0.003,0.005,0.042,1.131,4.942,6.548,6.204,0.004,0.103,0.638,0.84,0.577,0.824,0.766,0.883,0.525,0.825,0.943,0.992,597.21,588.467,1.015,11,1,129.42,9,7,24,11,0,38,0.237,1,2,2,0,2,3,2,3,5,0.277,3.678,0.333,127.273,0.355,4,0,0,0,0,1,0,0
-7.646,2.713,2.631,0.945,1,0.981,0.997,0.999,-5.865,6.34E-06,0.585,90.69,1.895,14.71,0.019,0.966,0.037,0.057,0.122,0.044,0.019,0.24,0.314,0.363,5.756,0.049,0.55,0.494,0.959,0.06,0.309,0.931,0.012,0.191,0.003,0.002,0.029,0.986,3.214,4.124,5.493,0.002,0.089,0.817,0.698,0.321,0.356,0.522,0.824,0.504,0.732,0.919,0.994,976.41,952.966,1.025,22,5,252.77,25,8,21,22,0,46,0.543,1,3,1,0,0,7,1,2,4,0.051,4.777,0.367,160.657,-0.201,3,0,0,0,0,1,0,0
-4.61,1.421,2.177,0.09,0.997,0.013,0.012,0.006,-5.49,9.13E-06,0.139,85.83,1.347,10.06,0.316,0.876,0.101,0.229,0.076,0.135,0.046,0.326,0.461,0.329,5.46,0.104,0.477,0.668,0.132,0.922,0.428,0.977,0.114,0.722,0.003,0.007,0.585,1.259,5.109,7.019,7.007,0.009,0.85,0.588,0.977,0.829,0.843,0.847,0.666,0.172,0.383,0.942,0.989,435.16,422.812,1.029,7,3,107.44,1,6,23,8,0,31,0.032,2,2,3,0,0,2,2,1,4,0.445,4.068,0.375,121.091,0.782,1,0,0,0,1,1,0,1
-3.914,2.884,4.139,0.076,0.999,0.907,0.989,0.998,-5.651,2.23E-05,0.017,98.76,0.725,1.99,0.304,0.157,0.877,0.047,0.952,0.544,0.803,0.151,0.894,0.157,3.649,0.44,0.082,0.355,0.974,0.885,0.634,0.98,0.186,0.932,0.003,0.004,0.067,0.722,5.254,5.316,6.39,0,0.032,0.606,0.804,0.811,0.803,0.859,0.937,0.67,0.96,0.963,0.995,910.17,817.058,1.114,16,7,236.9,21,6,21,19,0,36,0.583,1,1,2,4,0,4,4,6,5,0.013,4.636,0.35,119.889,0.338,6,2,0,0,0,1,0,0
-4.011,1.674,2.498,0.017,0.996,0.005,0.005,0.006,-5.328,1.82E-05,0.764,70.08,2.184,25.15,0.804,0.684,0.121,0.674,0.06,0.13,0.119,0.563,0.264,0.735,7.021,0.066,0.835,0.931,0.106,0.806,0.498,0.954,0.037,0.08,0.003,0.006,0.175,1.469,3.467,5.56,5.303,0.004,0.037,0.451,0.961,0.473,0.733,0.129,0.366,0.508,0.759,0.567,0.941,433.2,442.597,0.979,7,2,93.45,5,5,21,7,0,27,0.185,1,1,1,0,0,2,1,1,3,0.47,3.391,0.4,95.143,0.737,1,0,0,0,1,1,0,1
-5.276,2.866,4.594,0.909,0.65,0.08,0.975,0.981,-4.931,2.53E-05,0.06,92.9,0.82,2.44,0.461,0.897,0.363,0.665,0.631,0.694,0.038,0.666,0.58,0.331,4.738,0.154,0.077,0.933,0.918,0.946,0.637,0.972,0.019,0.985,0.003,0.01,0.334,1.694,5.073,6.677,5.573,0.003,0.865,0.225,0.976,0.722,0.893,0.971,0.908,0.422,0.984,0.984,0.997,502.23,29648275.84,0,8,1,99.88,3,6,21,9,0,32,0.094,1,1,1,0,0,2,0,1,3,0.34,3.879,0.464,129.756,0.859,1,1,0,0,1,1,0,0
-4.674,2.51,3.977,0.995,0.009,0.228,0.932,0.983,-5.215,3.61E-05,0.163,91.42,0.724,2.35,0.023,0.389,0.524,0.908,0.909,0.872,0.072,0.276,0.726,0.907,6.177,0.122,0.092,0.924,0.889,0.656,0.781,0.954,0.07,0.417,0.003,0.01,0.159,0.915,5.131,7.184,6.909,0,0.013,0.453,0.972,0.269,0.8,0.821,0.859,0.115,0.839,0.96,0.975,628.29,636.458,0.987,11,1,140.39,8,6,21,11,0,35,0.229,2,1,1,1,0,2,1,2,5,0.233,4.563,0.486,140.577,0.728,3,0,0,0,0,1,0,0
-3.696,1.313,1.697,0.012,0.615,0.721,0.105,0.133,-5.667,2.33E-05,0.745,87.96,1.997,7.66,0.342,0.497,0.628,0.536,0.909,0.677,0.125,0.659,0.947,0.92,9.864,0.033,0.844,0.989,0.97,0.691,0.265,0.946,0.027,0.113,0.003,0.005,0.275,1.076,3.994,6.139,4.558,0.003,0.08,0.33,0.977,0.383,0.702,0.211,0.568,0.053,0.387,0.464,0.9,587.18,562.137,1.045,11,1,134.93,5,7,21,12,0,41,0.122,1,1,1,0,0,2,1,1,3,0.306,3.518,0.333,137.35,-0.301,2,0,0,0,0,1,0,0
-4.199,1.747,2.823,0.789,0.133,0.099,0.976,0.97,-5.244,3.34E-05,0.144,89.49,0.766,2.48,0.03,0.406,0.312,0.88,0.837,0.71,0.099,0.249,0.536,0.914,5.142,0.227,0.122,0.837,0.816,0.485,0.58,0.952,0.086,0.243,0.003,0.01,0.252,0.996,5.002,7.14,6.991,0,0.024,0.551,0.961,0.242,0.757,0.624,0.868,0.337,0.829,0.951,0.968,586.24,584.57,1.003,11,1,140.39,6,6,21,11,0,35,0.171,2,1,1,1,0,2,1,2,5,0.279,4.47,0.438,138.783,0.701,3,0,0,0,0,1,0,0
-4.712,1.435,2.05,0.319,0.995,0.01,0.003,0.038,-5.23,9.38E-06,0.013,96.46,0.546,3.83,0.648,0.15,0.109,0.057,0.82,0.293,0.073,0.272,0.401,0.155,5.641,0.377,0.194,0.856,0.248,0.843,0.459,0.976,0.464,0.739,0.003,0.018,0.04,1.109,4.887,6.217,6.07,0.002,0.036,0.647,0.974,0.909,0.876,0.806,0.907,0.146,0.944,0.967,0.983,527.17,513.129,1.027,10,4,147.04,3,7,21,10,0,37,0.081,1,2,1,0,0,4,1,3,3,0.262,4,0.276,134.081,0.999,4,0,0,0,1,1,0,0
-6.195,2.879,3.388,0.204,0.28,0.004,0.029,0.119,-5.077,1.60E-05,0.169,81.03,1.193,8.31,0.453,0.917,0.5,0.391,0.62,0.172,0.091,0.3,0.749,0.271,7.691,0.062,0.276,0.939,0.343,0.913,0.947,0.972,0.048,0.935,0.003,0.011,0.075,1.309,4.874,6.251,6.315,0.027,0.835,0.79,0.949,0.736,0.797,0.952,0.951,0.815,0.92,0.957,0.992,460.16,449.364,1.024,8,1,99.88,1,7,29,8,0,37,0.027,3,2,1,0,0,3,1,1,3,0.436,4.17,0.423,132.486,1.221,3,0,0,0,1,1,0,1
-3.546,1.628,2.656,0.094,0.936,0.011,0.086,0.035,-5.314,1.95E-05,0.857,83.16,2.204,13.38,0.556,0.9,0.19,0.443,0.052,0.054,0.386,0.638,0.424,0.643,10.52,0.05,0.864,0.941,0.279,0.947,0.816,0.957,0.13,0.162,0.003,0.007,0.348,1.24,4.208,6.149,5.591,0.005,0.322,0.561,0.949,0.662,0.75,0.718,0.709,0.517,0.891,0.7,0.962,431.18,434.04,0.993,7,1,84.66,3,6,21,7,0,32,0.094,1,1,1,0,0,2,1,1,3,0.502,3.306,0.4,112.2,0.508,1,0,0,0,1,1,0,1
-2.928,1.381,1.788,0.031,0.987,0.886,0.137,0.014,-5.34,1.47E-05,0.949,77.92,2,25.59,0.329,0.283,0.101,0.874,0.038,0.191,0.075,0.874,0.256,0.873,11.017,0.036,0.763,0.943,0.296,0.953,0.414,0.954,0.187,0.099,0.003,0.005,0.598,1.067,3.031,5.536,5.372,0.004,0.158,0.511,0.897,0.448,0.735,0.085,0.323,0.287,0.671,0.191,0.941,460.21,462.333,0.995,8,1,87.9,3,6,21,8,0,33,0.091,1,1,1,0,0,2,1,1,3,0.467,3.36,0.423,114.865,0.39,1,0,0,0,1,1,0,1
-7.778,3.558,7.194,0.466,1,0.949,0.004,0.017,-5.421,1.14E-05,0.012,69.92,0.762,40.17,0.198,0.993,0.2,0.094,0.939,0.086,0.002,0.14,0.895,0.71,3.225,0.106,0.24,0.862,0.243,0.099,0.916,0.995,0.013,0.06,0.003,0.006,0.037,0.633,6.293,6.381,7.07,0.001,0.509,0.684,0.994,0.685,0.896,0.859,0.937,0.671,0.985,0.986,0.999,866.32,77585585.66,0,12,2,162.84,7,10,21,14,0,54,0.13,2,1,1,0,0,2,0,1,3,0.158,4.888,0.375,210,0.424,1,0,0,0,0,1,0,0
-5.047,2.983,4.226,0.25,0.657,0.006,0.087,0.024,-5.418,2.92E-05,0.341,96.4,1.624,2.86,0.095,0.647,0.748,0.466,0.864,0.493,0.224,0.818,0.872,0.923,7.656,0.006,0.882,0.993,0.951,0.662,0.734,0.957,0.015,0.265,0.003,0.005,0.254,1.059,4.69,6.928,6.219,0.004,0.067,0.305,0.976,0.604,0.766,0.369,0.73,0.046,0.425,0.655,0.914,628.24,620.325,1.013,10,1,122.04,6,7,21,11,0,41,0.146,1,1,1,0,0,2,1,1,3,0.283,3.509,0.382,141.809,-0.21,2,0,0,0,1,1,0,0
-4.833,3.149,4.032,0.048,0.999,0.851,0.998,0.997,-5.488,1.74E-05,0.023,97.43,0.762,2.86,0.156,0.104,0.782,0.056,0.962,0.646,0.313,0.089,0.955,0.287,10.57,0.139,0.309,0.715,0.829,0.847,0.894,0.89,0.084,0.198,0.003,0.004,0.032,0.799,5.096,5.171,6.038,0.001,0.022,0.41,0.772,0.785,0.867,0.565,0.901,0.214,0.948,0.936,0.991,816.26,788.984,1.035,15,5,214.03,21,6,21,17,0,37,0.568,1,1,1,4,0,4,3,5,5,0.02,4.295,0.375,115.036,0.546,2,2,0,0,0,1,0,0
-5.523,2.434,3.675,0.533,0.052,0.008,0.009,0.802,-6.284,2.48E-05,0.081,96.39,0.691,1.88,0.189,0.121,0.868,0.07,0.938,0.8,0.09,0.372,0.938,0.359,7.177,0.486,0.171,0.951,0.958,0.46,0.808,0.94,0.054,0.178,0.003,0.007,0.02,1.201,5.069,6.042,7.018,0.002,0.057,0.67,0.724,0.451,0.372,0.657,0.817,0.194,0.849,0.919,0.958,586.13,557.855,1.051,10,2,128.62,9,6,21,12,0,36,0.25,1,2,3,2,0,3,2,5,3,0.236,3.565,0.2,114,-0.219,2,0,0,0,1,1,0,0
-6.047,2.615,3.072,0.03,0.999,0.012,0.018,0.528,-5.55,1.03E-05,0.062,83.45,0.984,7.53,0.553,0.079,0.594,0.096,0.863,0.524,0.09,0.237,0.885,0.263,5.842,0.289,0.103,0.765,0.401,0.643,0.73,0.98,0.058,0.08,0.003,0.005,0.059,1.1,4.948,5.903,7.075,0.019,0.344,0.477,0.842,0.795,0.372,0.764,0.84,0.675,0.865,0.896,0.969,590.18,562.567,1.049,11,3,148.85,8,7,21,12,0,38,0.211,4,1,1,1,0,3,1,1,3,0.128,4.455,0.433,133.023,0.513,4,0,0,0,0,1,0,0
-4.853,1.549,2.003,0.01,0.032,0.005,0.001,0.001,-4.971,0.0001228929323,0.103,92.96,0.754,3.45,0.878,0.754,0.69,0.161,0.695,0.511,0.111,0.245,0.623,0.231,5.577,0.19,0.381,0.59,0.294,0.976,0.726,0.957,0.095,0.946,0.003,0.016,0.061,1.593,4.924,6.501,6.245,0.014,0.838,0.648,0.958,0.494,0.711,0.869,0.954,0.842,0.89,0.957,0.98,393.1,371.061,1.059,9,1,124.56,2,5,21,9,0,28,0.071,1,3,1,0,0,2,1,3,8,0.314,3.369,0.25,97.2,0.562,3,0,0,0,1,1,1,1
-5.108,2.576,3.532,0.933,0.006,0.008,0.004,0.023,-6.4,3.96E-05,0.046,95.16,0.522,2.54,0.123,0.106,0.851,0.127,0.947,0.835,0.08,0.201,0.933,0.863,10.507,0.705,0.134,0.94,0.968,0.827,0.856,0.735,0.073,0.169,0.003,0.006,0.023,1.157,4.967,6.38,6.138,0.003,0.039,0.54,0.46,0.591,0.566,0.675,0.835,0.223,0.871,0.909,0.953,582.16,569.084,1.023,10,2,128.62,10,6,21,11,0,36,0.278,1,1,2,2,0,3,1,5,3,0.229,3.54,0.226,110.526,0.077,2,0,0,0,1,1,0,0
-5.389,2.731,4.464,0.855,0.014,0.008,0.004,0.033,-6.187,2.27E-05,0.033,97.87,0.627,1.42,0.18,0.12,0.803,0.072,0.941,0.797,0.044,0.488,0.901,0.533,3.905,0.307,0.185,0.914,0.96,0.384,0.796,0.896,0.071,0.127,0.003,0.007,0.017,1.337,5.315,6.324,6.853,0.001,0.078,0.684,0.785,0.618,0.675,0.929,0.92,0.609,0.913,0.946,0.981,694.04,577.065,1.203,10,2,128.62,9,6,21,12,0,36,0.25,1,2,3,2,0,3,1,5,3,0.161,3.623,0.2,114,-0.151,3,0,0,0,1,1,0,0
-6.11,3.7,5.072,0.995,0.007,0.009,0.004,0.015,-6.219,1.57E-05,0.023,98.32,0.543,1.37,0.096,0.125,0.804,0.081,0.971,0.865,0.009,0.855,0.975,0.833,7.363,0.171,0.196,0.978,0.969,0.746,0.882,0.935,0.028,0.294,0.003,0.006,0.014,1.14,5.322,6.325,7.128,0.001,0.206,0.764,0.862,0.6,0.724,0.963,0.928,0.818,0.946,0.955,0.987,688.2,682.48,1.008,11,2,137.85,12,7,21,12,0,42,0.286,2,1,2,2,0,3,1,5,3,0.173,3.866,0.211,128.348,0.081,4,0,0,0,0,1,0,0
-5.544,2.691,2.569,0.945,0.447,0.003,0.022,0.871,-4.715,2.81E-05,0.132,91.24,0.735,5.17,0.653,0.957,0.146,0.299,0.447,0.071,0.06,0.249,0.306,0.248,4.231,0.216,0.242,0.657,0.316,0.813,0.747,0.684,0.064,0.894,0.003,0.022,0.058,1.848,4.124,5.59,5.799,0.035,0.799,0.797,0.928,0.843,0.66,0.908,0.902,0.47,0.622,0.903,0.972,422.18,425.731,0.992,7,1,82.81,6,5,21,7,0,26,0.231,2,2,1,0,0,1,0,1,3,0.481,3.809,0.417,90.588,0.603,0,0,0,0,1,1,0,1
-5.177,2.377,2.058,0.782,0.507,0.007,0.011,0.895,-4.72,2.42E-05,0.587,89.47,0.759,6.17,0.598,0.976,0.103,0.418,0.333,0.086,0.053,0.408,0.269,0.346,3.719,0.225,0.141,0.674,0.252,0.812,0.8,0.8,0.087,0.935,0.003,0.021,0.081,1.738,3.996,5.385,5.885,0.058,0.834,0.766,0.927,0.812,0.702,0.895,0.904,0.496,0.534,0.896,0.976,408.17,408.435,0.999,7,1,82.81,5,5,21,7,0,26,0.192,2,2,1,0,0,1,0,1,3,0.511,3.786,0.391,91,0.697,0,0,0,0,1,1,0,1
-5.598,2.739,4.162,0.537,0.024,0.007,0.002,0.008,-6.217,2.30E-05,0.096,97.18,0.6,1.27,0.249,0.136,0.885,0.08,0.947,0.789,0.193,0.295,0.945,0.496,6.816,0.544,0.186,0.946,0.963,0.39,0.842,0.916,0.056,0.143,0.003,0.006,0.019,1.356,5.167,6.287,6.572,0.001,0.052,0.739,0.761,0.68,0.531,0.744,0.911,0.605,0.913,0.948,0.979,602.1,566.999,1.062,10,2,128.62,9,6,21,12,0,36,0.25,1,2,3,2,0,3,2,5,3,0.229,3.56,0.2,114,-0.166,2,0,0,0,1,1,0,0
-5.07,2.046,3.249,0.154,0.968,0.007,0.759,0.638,-5.265,1.74E-05,0.083,94.92,1.028,4.84,0.429,0.886,0.519,0.117,0.836,0.226,0.055,0.194,0.748,0.346,6.661,0.101,0.51,0.972,0.375,0.645,0.936,0.964,0.082,0.551,0.003,0.006,0.042,1.206,4.71,5.523,5.376,0.009,0.261,0.37,0.931,0.582,0.755,0.921,0.847,0.59,0.864,0.899,0.984,517.22,518.168,0.998,9,1,110.96,6,6,21,9,0,34,0.176,1,1,1,0,0,2,1,1,3,0.405,3.427,0.448,118.333,0.272,3,0,0,0,1,1,0,0
-4.596,3.239,4.112,0.488,1,0.033,0.924,0.986,-5.734,1.10E-05,0.021,88.77,1.005,12.16,0.193,0.12,0.661,0.076,0.909,0.232,0.449,0.149,0.934,0.221,5.088,0.268,0.083,0.925,0.224,0.368,0.891,0.984,0.072,0.02,0.003,0.004,0.028,0.919,4.968,4.346,6.564,0.016,0.045,0.269,0.793,0.817,0.704,0.668,0.776,0.171,0.78,0.845,0.962,731.3,718.086,1.018,13,4,177.95,16,7,21,14,0,39,0.41,4,1,1,1,0,3,1,1,3,0.064,4.648,0.526,136.138,0.308,4,0,0,0,0,1,0,0
-5.54,2.362,3.618,0.527,0.068,0.008,0.008,0.713,-6.255,2.34E-05,0.08,96.19,0.603,1.93,0.158,0.114,0.816,0.067,0.939,0.806,0.063,0.487,0.908,0.443,7.105,0.393,0.194,0.959,0.965,0.572,0.774,0.933,0.05,0.213,0.003,0.006,0.019,1.2,5.083,6.046,7.096,0.001,0.068,0.671,0.769,0.458,0.487,0.7,0.833,0.244,0.854,0.922,0.963,586.13,557.855,1.051,10,2,128.62,9,6,21,12,0,36,0.25,1,2,3,2,0,3,2,5,3,0.236,3.532,0.2,114,-0.151,2,0,0,0,1,1,0,0
-5.901,3.671,5.319,0.988,0.118,0.011,0.002,0.026,-6.055,6.66E-06,0.016,98.73,0.554,1.14,0.097,0.224,0.815,0.066,0.973,0.92,0.026,0.885,0.98,0.684,7.315,0.187,0.188,0.979,0.973,0.717,0.869,0.968,0.031,0.142,0.003,0.006,0.019,1.053,5.42,6.442,7.151,0.001,0.079,0.933,0.944,0.506,0.761,0.956,0.952,0.781,0.975,0.954,0.99,727.21,716.876,1.014,12,3,153.64,12,8,21,13,0,46,0.261,2,1,2,2,0,3,1,6,3,0.143,4.03,0.2,143.75,0.076,4,0,0,0,0,1,0,0
-6.247,3.789,5.091,0.981,0.068,0.006,0.008,0.55,-5.948,1.93E-05,0.045,97.51,0.555,1.75,0.112,0.109,0.796,0.085,0.958,0.842,0.025,0.702,0.921,0.613,6.277,0.106,0.152,0.983,0.966,0.553,0.712,0.945,0.031,0.174,0.003,0.006,0.018,1.147,5.262,6.496,7.243,0,0.043,0.808,0.933,0.429,0.688,0.964,0.886,0.553,0.942,0.954,0.982,642.19,627.039,1.024,10,2,128.62,11,6,21,12,0,36,0.306,2,3,3,2,0,3,2,5,3,0.195,3.907,0.294,119.182,-0.046,2,0,0,0,0,1,0,0
-5.59,2.359,3.573,0.413,0.094,0.009,0.02,0.819,-6.346,1.93E-05,0.141,95.56,0.613,1.89,0.12,0.281,0.792,0.097,0.946,0.836,0.027,0.728,0.937,0.514,8.48,0.558,0.211,0.956,0.964,0.574,0.812,0.918,0.047,0.224,0.003,0.007,0.022,1.153,5.113,6.232,6.792,0.002,0.1,0.698,0.785,0.676,0.658,0.749,0.905,0.773,0.904,0.939,0.978,598.15,577.874,1.035,11,2,137.85,10,6,21,12,0,36,0.278,1,1,2,2,0,3,1,5,3,0.222,3.526,0.226,113.684,0.025,4,0,0,0,0,1,0,0
-5.249,2.842,4.171,0.03,0.869,0.004,0.001,0.005,-5.312,9.53E-06,0.087,96.67,0.57,1.93,0.845,0.528,0.764,0.065,0.876,0.73,0.187,0.578,0.793,0.221,3.244,0.086,0.367,0.931,0.669,0.847,0.92,0.977,0.032,0.747,0.003,0.011,0.165,1.782,5.222,7.159,6.312,0.008,0.785,0.905,0.986,0.603,0.834,0.913,0.952,0.796,0.945,0.964,0.99,463.15,466.826,0.992,7,2,97.21,2,7,21,7,0,37,0.054,1,1,1,0,0,2,1,2,3,0.375,3.442,0.179,120.909,0.72,1,0,0,0,1,1,0,1
-5.492,2.568,3.521,0.172,0.202,0.007,0.012,0.665,-6.142,2.56E-05,0.106,86.24,0.769,8.14,0.104,0.406,0.828,0.228,0.918,0.713,0.082,0.294,0.921,0.568,6.903,0.667,0.14,0.944,0.927,0.689,0.922,0.908,0.094,0.251,0.003,0.006,0.035,1.126,4.984,5.821,6.01,0.002,0.028,0.615,0.679,0.513,0.531,0.802,0.8,0.345,0.911,0.884,0.964,560.17,542.401,1.033,10,2,128.62,9,6,21,11,0,35,0.257,1,1,2,2,0,3,1,5,3,0.28,3.627,0.379,119,0.109,2,0,0,0,1,1,0,0
-4.08,1.186,1.342,0.011,0.996,0.006,0.005,0.007,-5.638,6.04E-06,0.846,76.12,2.014,23.42,0.372,0.761,0.029,0.233,0.06,0.1,0.022,0.467,0.104,0.676,10.882,0.453,0.559,0.669,0.371,0.843,0.192,0.958,0.071,0.252,0.003,0.005,0.047,1.043,3.389,4.976,5.13,0.008,0.217,0.48,0.892,0.636,0.351,0.071,0.449,0.618,0.397,0.421,0.965,492.2,485.834,1.013,10,2,122.99,8,5,21,10,0,28,0.286,1,2,1,0,0,3,1,1,3,0.368,3.401,0.385,98.167,0.062,3,0,0,0,1,1,0,1
-5.803,2.95,4.737,0.929,0.201,0.006,0.007,0.619,-6.102,1.72E-05,0.036,97.71,0.63,1.82,0.103,0.129,0.778,0.111,0.942,0.776,0.05,0.614,0.917,0.726,5.938,0.122,0.172,0.978,0.972,0.499,0.774,0.939,0.023,0.208,0.003,0.006,0.02,1.222,5.152,6.623,7.299,0,0.026,0.832,0.946,0.437,0.694,0.95,0.884,0.543,0.932,0.956,0.981,628.18,609.743,1.03,10,2,128.62,10,6,21,12,0,36,0.278,2,3,3,2,0,3,2,5,3,0.211,3.873,0.273,119.429,-0.073,2,0,0,0,1,1,0,0
-4.197,1.471,1.95,0.01,0.99,0.006,0.019,0.037,-5.448,7.71E-06,0.768,82.3,1.965,16.82,0.469,0.562,0.045,0.111,0.068,0.089,0.194,0.276,0.114,0.46,12.301,0.468,0.866,0.688,0.344,0.842,0.212,0.939,0.058,0.04,0.003,0.005,0.098,0.916,3.206,4.927,4.917,0.006,0.407,0.279,0.886,0.733,0.707,0.359,0.701,0.888,0.701,0.44,0.963,520.23,520.426,1,10,2,122.99,10,5,21,10,0,28,0.357,1,2,1,0,0,2,1,1,3,0.321,3.452,0.429,97.65,-0.048,3,0,0,0,1,1,0,0
-5.539,2.913,4.038,0.754,0.355,0.008,0.01,0.812,-6.028,2.53E-05,0.043,95.86,0.75,2.17,0.184,0.131,0.843,0.069,0.954,0.809,0.166,0.512,0.919,0.431,7.943,0.278,0.201,0.96,0.962,0.594,0.772,0.935,0.047,0.469,0.003,0.006,0.015,1.258,5.079,5.79,7.121,0.001,0.044,0.721,0.85,0.478,0.493,0.873,0.881,0.268,0.904,0.934,0.976,614.16,592.447,1.037,10,2,128.62,11,6,21,12,0,36,0.306,1,2,3,2,0,3,2,4,3,0.16,3.542,0.25,113.4,-0.115,2,0,0,0,1,1,0,0
-6.387,3.812,4.992,0.967,0.11,0.006,0.016,0.71,-6.055,1.65E-05,0.082,96.9,0.515,1.85,0.094,0.215,0.783,0.135,0.962,0.843,0.011,0.843,0.947,0.695,7.443,0.197,0.162,0.983,0.965,0.571,0.765,0.936,0.034,0.161,0.003,0.007,0.021,1.082,5.297,6.597,6.995,0.001,0.065,0.82,0.929,0.585,0.766,0.959,0.918,0.877,0.953,0.962,0.99,654.21,647.058,1.011,11,2,137.85,12,6,21,12,0,36,0.333,2,1,2,2,0,3,1,5,3,0.183,3.904,0.314,118.957,0.113,4,0,0,0,0,1,0,0
-5.377,2.346,3.413,0.103,0.002,0.642,0.248,0.99,-6.245,2.84E-05,0.094,93.83,0.601,3.56,0.291,0.168,0.887,0.076,0.944,0.826,0.106,0.473,0.947,0.564,6.263,0.475,0.148,0.958,0.965,0.616,0.769,0.905,0.061,0.235,0.003,0.007,0.055,1.163,5.109,6.272,5.956,0,0.052,0.782,0.744,0.634,0.67,0.932,0.937,0.808,0.934,0.956,0.985,574.1,538.341,1.066,10,2,128.62,9,6,21,12,0,35,0.257,1,1,2,2,0,3,1,6,3,0.24,3.634,0.214,111.176,-0.226,3,0,0,0,1,1,0,0
-5.041,1.77,1.862,0.027,0.004,0.005,0.401,0.315,-4.941,1.99E-05,0.195,92.09,0.894,2.66,0.952,0.638,0.751,0.162,0.649,0.314,0.156,0.282,0.883,0.22,13.351,0.281,0.119,0.562,0.311,0.724,0.609,0.97,0.041,0.914,0.003,0.014,0.089,1.745,4.316,6.218,6.314,0.016,0.494,0.833,0.924,0.631,0.682,0.743,0.926,0.92,0.894,0.953,0.991,392.1,371.44,1.056,8,1,99.88,1,6,24,8,0,31,0.032,1,1,1,0,0,3,1,2,3,0.493,3.428,0.286,108.778,0.981,4,0,0,0,1,1,1,1
-6.087,2.337,3.774,0.021,0.985,0.007,0.001,0.004,-5.27,7.07E-06,0.102,96.86,0.916,2.52,0.961,0.406,0.905,0.062,0.906,0.68,0.307,0.232,0.861,0.251,2.533,0.094,0.326,0.926,0.948,0.54,0.892,0.977,0.032,0.089,0.003,0.007,0.105,2.002,5.007,6.822,5.865,0.007,0.789,0.732,0.976,0.662,0.839,0.941,0.945,0.752,0.912,0.962,0.99,464.15,460.527,1.008,8,2,110.1,2,7,21,8,0,37,0.054,1,1,1,0,0,2,1,1,3,0.379,3.631,0.185,121.125,0.514,1,0,0,0,1,1,0,1
-4.919,2.852,3.914,0.217,0.698,0.044,0.152,0.136,-5.459,2.88E-05,0.305,95.87,1.452,3.02,0.134,0.579,0.826,0.376,0.918,0.418,0.195,0.809,0.902,0.922,9.341,0.011,0.89,0.993,0.941,0.825,0.633,0.957,0.017,0.272,0.003,0.005,0.137,1.102,4.747,6.845,6.359,0.005,0.141,0.298,0.964,0.615,0.747,0.417,0.718,0.04,0.394,0.639,0.909,614.22,603.029,1.019,10,1,122.04,6,7,21,11,0,41,0.146,1,1,1,0,0,2,1,1,3,0.29,3.469,0.364,139.067,-0.243,2,0,0,0,1,1,0,0
-3.937,2.467,3.628,0.083,0.443,0.045,0.238,0.303,-5.193,3.18E-05,0.501,88.11,1.741,7.63,0.55,0.793,0.254,0.808,0.466,0.33,0.061,0.788,0.287,0.897,9.61,0.133,0.819,0.917,0.161,0.613,0.637,0.949,0.034,0.049,0.003,0.006,0.649,1.657,4.022,6.131,5.74,0.001,0.01,0.614,0.978,0.154,0.783,0.081,0.555,0.068,0.653,0.88,0.939,461.23,477.189,0.967,7,1,84.66,5,5,21,7,0,27,0.185,1,2,1,0,0,2,1,1,3,0.456,3.531,0.444,100.923,0.581,1,0,0,0,1,1,0,1
-5.835,2.642,3.459,0.037,0.952,0.005,0.008,0.02,-5.314,1.81E-05,0.158,97.03,0.503,1.85,0.856,0.946,0.937,0.251,0.904,0.475,0.575,0.819,0.915,0.268,7.121,0.176,0.38,0.947,0.281,0.856,0.945,0.943,0.037,0.487,0.003,0.009,0.076,1.308,4.674,6.352,5.966,0.006,0.434,0.74,0.958,0.787,0.772,0.851,0.905,0.839,0.909,0.947,0.98,483.18,486.809,0.993,8,2,102.68,5,6,21,8,0,33,0.152,1,1,1,0,0,5,1,1,4,0.368,3.305,0.25,107.829,0.387,3,0,0,0,1,1,0,1
-5.483,2.599,3.968,0.705,0.286,0.007,0.002,0.032,-6.253,2.21E-05,0.093,95.57,0.575,1.79,0.129,0.122,0.812,0.096,0.944,0.788,0.03,0.526,0.907,0.621,7.064,0.549,0.192,0.949,0.969,0.451,0.844,0.911,0.055,0.232,0.003,0.007,0.019,1.188,5.071,6.154,6.443,0.001,0.067,0.726,0.779,0.685,0.623,0.808,0.9,0.68,0.905,0.933,0.974,582.16,569.084,1.023,10,2,128.62,9,6,21,11,0,36,0.25,1,1,2,2,0,3,1,5,3,0.237,3.521,0.226,113.684,-0.032,2,0,0,0,1,1,0,0
-4.553,1.146,1.407,0.015,0.998,0.007,0.003,0.004,-5.47,7.85E-06,0.184,81.76,1.06,10.75,0.777,0.956,0.019,0.066,0.013,0.011,0.006,0.094,0.185,0.158,2.265,0.442,0.492,0.857,0.358,0.815,0.823,0.95,0.063,0.9,0.003,0.005,0.207,1.011,4.755,6.094,6.631,0.025,0.037,0.919,0.917,0.64,0.45,0.578,0.939,0.74,0.59,0.875,0.967,432.15,418.426,1.033,10,5,158.18,3,5,21,10,0,29,0.103,1,1,1,0,0,2,1,2,3,0.186,3.643,0.227,96.667,0.567,2,0,0,0,1,1,0,1
-5.738,3.746,5.252,0.954,0.003,0.946,0.042,0.934,-6.047,1.95E-05,0.027,98.49,0.502,1.14,0.166,0.139,0.864,0.063,0.975,0.921,0.091,0.869,0.982,0.659,5.3,0.127,0.141,0.982,0.975,0.726,0.838,0.963,0.032,0.214,0.003,0.006,0.049,1.085,5.368,6.561,6.954,0,0.056,0.958,0.927,0.538,0.716,0.976,0.968,0.833,0.984,0.966,0.994,703.16,677.343,1.038,11,3,144.41,11,8,21,13,0,45,0.244,2,1,2,2,0,3,1,7,3,0.153,4.086,0.189,141.136,-0.122,3,0,0,0,0,1,0,0
-5.264,2.417,1.936,0.004,0.348,0.846,0.886,0.374,-5.633,1.29E-05,0.011,78.42,0.443,6.14,0.005,0.046,0.064,0.076,0.583,0.01,0.148,0.064,0.651,0.546,5.169,0.25,0.726,0.69,0.97,0.1,0.863,0.077,0.048,0.798,0.003,0.003,0.004,0.96,3.286,4.103,6.096,0,0.027,0.084,0.678,0.596,0.502,0.958,0.896,0.011,0.018,0.717,0.861,918.39,887.326,1.035,19,3,217.51,28,8,21,20,0,43,0.651,4,2,1,1,0,2,1,2,3,0.039,5.177,0.578,140.676,-0.277,2,0,0,0,0,1,0,0
-5.658,2.384,3.502,0.158,0.013,0.007,0.009,0.44,-6.291,2.70E-05,0.092,95.97,0.663,1.9,0.165,0.115,0.869,0.081,0.946,0.863,0.054,0.387,0.933,0.459,7.302,0.437,0.169,0.975,0.962,0.712,0.791,0.921,0.049,0.232,0.003,0.006,0.02,1.196,5.098,6.197,7.12,0.002,0.087,0.635,0.745,0.529,0.485,0.837,0.88,0.468,0.86,0.927,0.969,586.13,557.855,1.051,10,2,128.62,9,6,21,12,0,36,0.25,1,2,3,2,0,3,2,5,3,0.236,3.566,0.2,114,-0.184,2,0,0,0,1,1,0,0
-3.786,2.02,3.216,0.144,0.934,0.01,0.35,0.062,-5.293,2.06E-05,0.824,84.62,2.309,11.74,0.509,0.875,0.297,0.389,0.062,0.053,0.445,0.638,0.579,0.613,10.179,0.04,0.879,0.942,0.287,0.949,0.84,0.958,0.144,0.141,0.003,0.007,0.374,1.196,4.463,6.384,5.652,0.005,0.249,0.567,0.951,0.664,0.744,0.76,0.725,0.46,0.897,0.744,0.962,445.2,451.336,0.986,7,1,84.66,3,6,21,7,0,33,0.091,1,1,1,0,0,2,1,1,3,0.488,3.308,0.423,113.27,0.482,1,0,0,0,1,1,0,1
-3.973,2.049,2.757,0.095,0.008,0.006,0.004,0.019,-5.298,2.45E-05,0.778,87.39,1.268,4.9,0.888,0.41,0.911,0.126,0.522,0.243,0.651,0.673,0.893,0.421,8.413,0.097,0.552,0.959,0.213,0.903,0.657,0.965,0.045,0.051,0.003,0.006,0.136,1.623,4.99,6.975,6.521,0.003,0.3,0.605,0.953,0.705,0.673,0.227,0.646,0.644,0.857,0.889,0.954,467.18,478.019,0.977,7,2,93.45,5,6,21,7,0,33,0.152,1,1,1,0,0,2,1,1,3,0.385,3.252,0.25,104.657,0.457,1,0,0,0,1,1,0,1
-5.671,3.252,3.941,0.029,0.998,0.008,0.01,0.728,-5.487,1.13E-05,0.132,86.39,0.886,5.87,0.241,0.096,0.723,0.187,0.898,0.513,0.235,0.269,0.934,0.557,8.405,0.233,0.123,0.953,0.821,0.831,0.641,0.967,0.056,0.116,0.003,0.006,0.034,1.271,5.044,6.24,7.301,0.007,0.316,0.658,0.764,0.679,0.573,0.891,0.823,0.572,0.822,0.896,0.975,574.19,553.777,1.037,10,2,128.62,8,7,21,11,0,38,0.211,4,1,1,1,0,2,1,1,3,0.195,4.424,0.433,129.698,0.638,2,0,0,0,1,1,0,0
-6.204,2.991,4.137,0.089,0.649,0.004,0.002,0.006,-5.267,2.47E-05,0.146,97.9,0.431,1.58,0.81,0.831,0.886,0.124,0.898,0.436,0.577,0.675,0.877,0.227,4.676,0.066,0.363,0.963,0.34,0.777,0.972,0.949,0.037,0.489,0.003,0.009,0.044,1.665,4.956,6.593,5.833,0.006,0.698,0.739,0.961,0.817,0.791,0.894,0.928,0.763,0.923,0.955,0.98,487.13,475.934,1.024,7,2,93.45,4,6,21,8,0,33,0.121,1,2,2,0,0,4,2,1,4,0.366,3.313,0.222,108.182,0.224,2,0,0,0,1,1,0,1
-4.664,1.537,2.104,0.018,0.233,0.006,0.009,0.008,-5.12,1.57E-05,0.253,93.23,1.091,4.78,0.748,0.908,0.404,0.17,0.389,0.188,0.068,0.149,0.335,0.336,10.378,0.361,0.586,0.934,0.532,0.666,0.684,0.961,0.051,0.565,0.003,0.007,0.038,1.669,4.42,5.727,6.237,0.011,0.728,0.58,0.952,0.61,0.655,0.932,0.863,0.892,0.899,0.904,0.981,477.19,474.837,1.005,9,1,110.96,7,5,21,9,0,28,0.25,1,2,1,0,0,2,1,1,3,0.424,3.409,0.385,98.167,0.195,3,0,0,0,1,1,0,1
-4.553,2.531,4.072,0.883,0.074,0.006,0.002,0.01,-5.913,1.75E-05,0.114,94.37,0.817,4.67,0.144,0.337,0.809,0.155,0.956,0.428,0.045,0.303,0.966,0.732,6.711,0.388,0.304,0.959,0.981,0.27,0.665,0.956,0.03,0.159,0.003,0.006,0.023,1.335,5.009,6.555,6.81,0,0.027,0.876,0.96,0.439,0.724,0.949,0.918,0.805,0.966,0.955,0.988,625.2,614.673,1.017,11,2,141.51,11,6,21,12,0,36,0.306,3,1,2,2,0,3,1,5,3,0.203,4.156,0.303,116.163,0.048,2,0,0,0,0,1,0,0
-5.679,3.721,4.912,0.906,0.098,0.01,0.002,0.031,-6.01,2.02E-05,0.031,97.4,0.726,1.36,0.153,0.118,0.833,0.066,0.957,0.788,0.051,0.449,0.924,0.316,7.349,0.33,0.156,0.967,0.964,0.565,0.949,0.929,0.047,0.689,0.003,0.007,0.015,1.212,5.27,5.275,6.775,0.001,0.08,0.811,0.869,0.687,0.638,0.941,0.947,0.699,0.946,0.956,0.988,646.19,641.734,1.007,10,2,128.62,11,7,21,11,0,41,0.268,1,1,2,2,0,3,1,4,4,0.142,3.595,0.222,125.455,0.058,2,0,0,0,1,1,0,0
-4.738,1.285,1.985,0.017,0.732,0.01,0.035,0.595,-6.437,2.25E-05,0.282,79.79,0.772,14.39,0.105,0.321,0.4,0.182,0.703,0.634,0.015,0.212,0.718,0.625,6.063,0.766,0.093,0.926,0.949,0.762,0.575,0.88,0.096,0.306,0.003,0.006,0.039,0.914,4.849,5.994,5.154,0.002,0.035,0.54,0.462,0.492,0.507,0.202,0.681,0.337,0.832,0.719,0.956,506.13,481.774,1.051,10,2,128.62,8,5,21,11,0,30,0.267,1,1,2,2,0,3,1,5,3,0.314,3.589,0.28,98.812,0.274,2,0,0,0,1,1,0,0
-5.692,2.632,4.281,0.994,0.005,0.029,0.048,0.438,-6.212,1.94E-05,0.13,96.11,0.631,2.04,0.243,0.118,0.857,0.083,0.947,0.784,0.121,0.298,0.944,0.345,3.231,0.528,0.139,0.893,0.962,0.423,0.907,0.909,0.068,0.151,0.003,0.007,0.016,1.282,5.238,6.302,6.84,0.001,0.04,0.707,0.698,0.59,0.472,0.57,0.884,0.633,0.915,0.95,0.973,646.05,571.071,1.131,10,2,128.62,9,6,21,12,0,36,0.25,1,1,3,2,0,3,2,5,3,0.217,3.588,0.2,114,-0.1,3,0,0,0,1,1,0,0
-4.682,1.431,1.819,0.03,0.617,0.005,0.036,0.051,-5.193,1.50E-05,0.176,92.61,1.084,5.68,0.465,0.638,0.3,0.122,0.652,0.238,0.034,0.195,0.61,0.348,8.185,0.261,0.546,0.953,0.406,0.604,0.825,0.967,0.061,0.857,0.003,0.007,0.031,1.615,4.24,5.392,5.356,0.019,0.428,0.443,0.894,0.545,0.575,0.906,0.873,0.749,0.832,0.818,0.982,475.17,466.28,1.019,9,1,110.96,5,6,21,9,0,33,0.152,1,1,1,0,0,2,1,2,3,0.45,3.336,0.385,115.222,0.264,3,0,0,0,1,1,0,1
-5.624,2.781,4.143,0.539,0.031,0.007,0.002,0.008,-6.202,2.20E-05,0.11,96.73,0.562,1.45,0.217,0.132,0.857,0.074,0.949,0.795,0.163,0.352,0.92,0.636,6.522,0.466,0.207,0.954,0.968,0.481,0.838,0.905,0.051,0.172,0.003,0.007,0.016,1.378,5.168,6.322,6.752,0.001,0.063,0.735,0.793,0.693,0.608,0.79,0.919,0.633,0.914,0.949,0.982,602.1,566.999,1.062,10,2,128.62,9,6,21,12,0,36,0.25,1,2,3,2,0,3,2,5,3,0.229,3.529,0.2,114,-0.097,2,0,0,0,1,1,0,0
-5.429,2.535,3.597,0.094,0.005,0.781,0.251,0.992,-6.211,3.53E-05,0.077,92.59,0.725,4.95,0.358,0.16,0.895,0.08,0.956,0.872,0.258,0.424,0.95,0.632,7.515,0.43,0.137,0.949,0.971,0.58,0.755,0.93,0.063,0.582,0.003,0.007,0.039,1.181,5.075,6.146,5.936,0.001,0.045,0.784,0.82,0.675,0.706,0.944,0.948,0.842,0.935,0.952,0.989,588.11,555.637,1.058,10,2,128.62,10,6,21,12,0,35,0.286,1,1,2,2,0,3,1,6,3,0.227,3.619,0.241,110.833,-0.244,3,0,0,0,1,1,0,0
-6.507,3.756,4.967,0.863,0.018,0.006,0.008,0.219,-5.995,2.40E-05,0.064,97.34,0.573,1.58,0.114,0.11,0.839,0.101,0.965,0.907,0.024,0.644,0.943,0.637,6.436,0.105,0.13,0.988,0.964,0.727,0.732,0.939,0.029,0.198,0.003,0.006,0.019,1.126,5.238,6.631,7.265,0.001,0.063,0.78,0.921,0.497,0.691,0.97,0.904,0.717,0.942,0.957,0.985,642.19,627.039,1.024,10,2,128.62,11,6,21,12,0,36,0.306,2,3,3,2,0,3,2,5,3,0.195,3.938,0.294,119.182,-0.076,2,0,0,0,1,1,0,0
-4.478,2.18,3.144,0.028,0.298,0.011,0.404,0.076,-5.414,3.09E-05,0.36,95.82,1.358,3.03,0.182,0.626,0.8,0.418,0.906,0.441,0.185,0.843,0.894,0.917,9.395,0.007,0.907,0.993,0.94,0.873,0.458,0.963,0.017,0.291,0.003,0.005,0.211,1.121,4.631,6.681,6.999,0.005,0.135,0.283,0.956,0.423,0.673,0.283,0.671,0.019,0.14,0.559,0.847,604.18,574.504,1.052,10,1,122.04,5,7,21,12,0,41,0.122,1,2,2,0,0,2,2,1,3,0.304,3.447,0.323,140.341,-0.362,2,0,0,0,1,1,0,0
-4.205,1.373,1.689,0.014,0.996,0.007,0.009,0.007,-5.732,6.65E-06,0.762,78.53,2.062,31.48,0.079,0.418,0.035,0.369,0.114,0.126,0.03,0.572,0.111,0.782,10.543,0.133,0.686,0.935,0.426,0.726,0.232,0.975,0.083,0.314,0.003,0.005,0.048,1.629,3.45,5.242,5.312,0.013,0.149,0.486,0.872,0.367,0.366,0.106,0.676,0.553,0.497,0.436,0.962,532.23,529.165,1.006,10,1,114.2,6,6,21,10,0,34,0.176,1,2,1,0,0,2,1,1,3,0.389,3.505,0.448,121.714,0.057,3,0,0,0,1,1,0,0
-5.991,3.25,5.075,0.801,0.025,0.007,0.002,0.005,-6.21,1.40E-05,0.029,97.74,0.488,1.39,0.151,0.111,0.798,0.066,0.945,0.735,0.022,0.515,0.939,0.632,5.602,0.222,0.131,0.986,0.974,0.32,0.892,0.935,0.034,0.307,0.003,0.008,0.021,1.252,5.263,5.836,6.802,0.001,0.129,0.869,0.907,0.594,0.718,0.957,0.945,0.837,0.956,0.96,0.991,632.17,624.438,1.012,10,2,128.62,9,7,21,11,0,41,0.22,2,1,2,2,0,3,1,5,4,0.209,3.88,0.2,128.857,0.064,2,0,0,0,0,1,0,0
-5.562,3.377,5.106,0.986,0.185,0.005,0.008,0.176,-5.875,1.73E-05,0.032,98.01,0.612,1.65,0.109,0.226,0.788,0.118,0.953,0.613,0.021,0.682,0.945,0.707,6.138,0.12,0.129,0.97,0.968,0.429,0.767,0.934,0.02,0.281,0.003,0.007,0.016,1.179,5.186,6.387,7.37,0,0.05,0.797,0.929,0.422,0.695,0.953,0.884,0.439,0.942,0.957,0.985,642.19,627.039,1.024,10,2,128.62,11,6,21,12,0,36,0.306,3,3,3,2,0,3,2,5,3,0.195,4.097,0.294,119.182,-0.036,2,0,0,0,0,1,0,0
-5.958,3.676,5.176,0.996,0.005,0.008,0.003,0.01,-6.142,2.05E-05,0.016,99.08,0.535,1.43,0.114,0.089,0.812,0.066,0.965,0.832,0.02,0.762,0.962,0.771,6.265,0.099,0.176,0.977,0.97,0.719,0.842,0.941,0.025,0.304,0.003,0.006,0.012,1.204,5.288,6.24,7.369,0.001,0.155,0.742,0.861,0.453,0.598,0.965,0.893,0.47,0.932,0.945,0.977,676.18,662.461,1.021,10,2,128.62,11,7,21,12,0,42,0.262,2,2,3,2,0,3,2,5,3,0.183,3.862,0.189,128.591,-0.069,2,0,0,0,0,1,0,0
-5.876,3.206,4.541,0.693,0.016,0.009,0.002,0.011,-6.249,1.83E-05,0.063,97.49,0.561,1.3,0.149,0.106,0.807,0.067,0.944,0.769,0.024,0.386,0.915,0.353,6.623,0.426,0.148,0.968,0.967,0.53,0.934,0.93,0.046,0.409,0.003,0.007,0.019,1.196,5.261,5.94,6.757,0.001,0.147,0.764,0.814,0.676,0.623,0.882,0.937,0.718,0.922,0.954,0.982,618.16,607.142,1.018,10,2,128.62,9,7,21,11,0,41,0.22,1,1,2,2,0,3,1,5,4,0.217,3.577,0.176,126,0.033,2,0,0,0,1,1,0,0
-5.982,3.643,5.98,0.998,0.002,0.011,0.003,0.004,-6.107,1.88E-05,0.013,100.07,0.47,1.28,0.111,0.094,0.779,0.067,0.963,0.824,0.012,0.753,0.959,0.825,3.722,0.087,0.164,0.962,0.966,0.574,0.881,0.919,0.032,0.195,0.003,0.006,0.011,1.305,5.535,6.473,7.151,0.001,0.174,0.753,0.864,0.563,0.73,0.98,0.941,0.694,0.958,0.957,0.988,784.09,681.671,1.15,10,2,128.62,11,7,21,12,0,42,0.262,2,2,3,2,0,3,1,5,3,0.128,3.939,0.189,128.591,-0.069,3,0,0,0,0,1,0,0
-5.527,3.173,4.295,0.881,0.352,0.007,0.01,0.848,-5.878,2.59E-05,0.038,96.4,0.871,1.91,0.172,0.14,0.833,0.07,0.959,0.822,0.15,0.496,0.92,0.375,7.795,0.238,0.202,0.962,0.959,0.607,0.799,0.933,0.048,0.43,0.003,0.006,0.017,1.148,5.134,5.702,7.109,0.001,0.038,0.711,0.853,0.483,0.473,0.898,0.881,0.236,0.912,0.937,0.977,628.18,609.743,1.03,10,2,128.62,12,6,21,12,0,36,0.333,1,2,3,2,0,3,2,4,3,0.147,3.558,0.273,113.143,-0.079,2,0,0,0,1,1,0,0
-6.038,3.003,4.535,0.64,0.003,0.264,0.175,0.99,-6.066,2.30E-05,0.071,96.82,0.614,2.88,0.155,0.277,0.864,0.137,0.954,0.766,0.08,0.612,0.957,0.764,4.988,0.143,0.123,0.981,0.974,0.575,0.764,0.928,0.027,0.195,0.003,0.007,0.058,1.222,5.144,6.744,6.695,0,0.062,0.887,0.939,0.624,0.78,0.975,0.947,0.915,0.969,0.974,0.992,616.15,590.229,1.044,10,2,128.62,10,6,21,12,0,35,0.286,2,1,2,2,0,3,1,6,3,0.215,3.964,0.29,116.55,-0.138,3,0,0,0,1,1,0,0
-5.169,2.759,3.692,0.957,0.033,0.009,0.004,0.067,-6.316,4.00E-05,0.032,94.49,0.653,2.87,0.157,0.112,0.867,0.117,0.959,0.874,0.129,0.191,0.936,0.886,11.074,0.714,0.127,0.927,0.973,0.803,0.868,0.855,0.067,0.428,0.003,0.006,0.017,1.265,4.924,6.196,6.121,0.003,0.035,0.538,0.579,0.619,0.636,0.794,0.881,0.353,0.872,0.907,0.962,596.17,586.38,1.017,10,2,128.62,11,6,21,11,0,36,0.306,1,1,2,2,0,3,1,5,3,0.215,3.531,0.25,110.25,0.052,2,0,0,0,1,1,0,0
-4.979,1.619,2.265,0.091,0.036,0.01,0.002,0.034,-6.279,1.88E-05,0.37,87.88,0.962,6.56,0.214,0.128,0.706,0.073,0.931,0.737,0.03,0.226,0.943,0.524,7.499,0.627,0.427,0.922,0.981,0.534,0.664,0.953,0.063,0.138,0.003,0.006,0.027,1.081,4.938,6.295,5.673,0.001,0.037,0.764,0.748,0.442,0.565,0.724,0.899,0.663,0.91,0.901,0.971,569.14,545.489,1.043,11,2,141.51,9,6,21,12,0,36,0.25,1,1,2,2,0,3,1,5,3,0.239,3.6,0.207,111,-0.062,2,0,0,0,0,1,0,0
-5.755,3.626,5.424,0.992,0.066,0.009,0.002,0.016,-6.002,9.66E-06,0.015,99.44,0.605,1.13,0.111,0.116,0.82,0.062,0.97,0.898,0.089,0.864,0.974,0.585,6.135,0.108,0.177,0.978,0.973,0.686,0.819,0.97,0.028,0.168,0.003,0.006,0.016,1.1,5.392,6.3,7.379,0,0.054,0.928,0.947,0.379,0.655,0.956,0.924,0.438,0.969,0.94,0.982,715.19,696.857,1.026,11,3,144.41,11,8,21,13,0,46,0.239,2,2,3,2,0,3,2,6,3,0.151,4.025,0.179,144,-0.066,2,0,0,0,0,1,0,0
-5.526,2.881,3.932,0.283,0.245,0.006,0.011,0.74,-5.991,2.78E-05,0.081,89.37,0.759,7.26,0.11,0.453,0.837,0.225,0.929,0.716,0.107,0.291,0.926,0.533,6.631,0.592,0.15,0.946,0.926,0.705,0.93,0.908,0.098,0.239,0.003,0.006,0.037,1.078,5.048,5.731,6.066,0.002,0.024,0.61,0.685,0.517,0.515,0.831,0.813,0.309,0.914,0.9,0.965,574.19,559.697,1.026,10,2,128.62,9,6,21,11,0,36,0.25,1,1,2,2,0,3,1,5,3,0.273,3.635,0.4,120,0.098,2,0,0,0,1,1,0,0
-5.558,2.56,3.797,0.525,0.423,0.008,0.011,0.817,-6.204,2.52E-05,0.062,95.4,0.745,2.24,0.191,0.119,0.841,0.068,0.953,0.829,0.146,0.459,0.913,0.508,7.981,0.337,0.187,0.952,0.969,0.53,0.753,0.941,0.047,0.499,0.003,0.006,0.014,1.289,5.04,5.847,7.119,0.001,0.051,0.686,0.846,0.487,0.572,0.798,0.87,0.325,0.864,0.914,0.973,600.15,575.151,1.043,10,2,128.62,10,6,21,12,0,36,0.278,1,2,3,2,0,3,2,5,3,0.222,3.523,0.226,113.684,-0.17,2,0,0,0,1,1,0,0
-5.656,2.453,4.082,0.882,0.192,0.006,0.011,0.103,-6.23,1.75E-05,0.038,96.6,0.528,2.13,0.168,0.12,0.799,0.067,0.942,0.778,0.073,0.631,0.931,0.589,6.241,0.175,0.167,0.982,0.972,0.353,0.631,0.938,0.036,0.135,0.003,0.007,0.021,1.302,5.061,5.999,7.136,0.001,0.075,0.811,0.905,0.417,0.624,0.941,0.876,0.592,0.926,0.938,0.979,600.15,575.151,1.043,10,2,128.62,9,6,21,12,0,36,0.25,2,2,3,2,0,3,2,5,3,0.23,3.836,0.226,116.842,-0.114,2,0,0,0,1,1,0,0
-5.016,2.521,3.477,0.903,0.556,0.01,0.002,0.004,-6.116,1.42E-05,0.193,89.18,0.694,9.9,0.221,0.125,0.749,0.079,0.95,0.674,0.032,0.328,0.956,0.745,8.123,0.418,0.331,0.965,0.98,0.38,0.468,0.958,0.049,0.149,0.003,0.006,0.025,1.317,5.033,6.242,6.623,0,0.034,0.907,0.895,0.469,0.659,0.935,0.925,0.773,0.969,0.947,0.99,643.16,615.886,1.044,11,2,141.51,12,6,21,13,0,36,0.333,2,1,2,2,0,3,1,5,3,0.19,4.015,0.281,113.268,-0.16,3,0,0,0,0,1,0,0
-5.614,2.961,4.291,0.573,0.306,0.007,0.002,0.016,-6.129,2.36E-05,0.093,96.12,0.674,1.68,0.237,0.136,0.873,0.075,0.96,0.815,0.287,0.315,0.923,0.69,7.341,0.421,0.186,0.943,0.972,0.426,0.832,0.916,0.051,0.405,0.003,0.006,0.012,1.512,5.134,6.121,6.759,0.001,0.048,0.75,0.86,0.723,0.665,0.852,0.933,0.688,0.917,0.945,0.986,616.12,584.295,1.054,10,2,128.62,10,6,21,12,0,36,0.278,1,2,3,2,0,3,2,5,3,0.215,3.52,0.226,113.684,-0.118,2,0,0,0,1,1,0,0
-5.657,2.713,4.363,0.855,0.623,0.006,0.003,0.007,-6.214,1.66E-05,0.04,95.95,0.553,2.05,0.138,0.129,0.787,0.091,0.946,0.757,0.034,0.633,0.929,0.729,6.141,0.28,0.164,0.98,0.976,0.27,0.727,0.92,0.039,0.15,0.003,0.007,0.021,1.329,5.051,6.099,6.578,0.001,0.059,0.837,0.901,0.625,0.708,0.946,0.912,0.826,0.947,0.945,0.985,596.17,586.38,1.017,10,2,128.62,9,6,21,11,0,36,0.25,2,1,2,2,0,3,1,5,3,0.231,3.825,0.25,116.55,0.003,2,0,0,0,1,1,0,0
-6.27,3.864,5.131,0.984,0.067,0.006,0.008,0.648,-5.977,2.04E-05,0.05,97.68,0.534,1.74,0.12,0.115,0.841,0.088,0.959,0.815,0.04,0.614,0.947,0.575,6.35,0.15,0.136,0.98,0.961,0.451,0.752,0.944,0.033,0.161,0.003,0.006,0.02,1.168,5.258,6.455,7.169,0.001,0.048,0.808,0.923,0.427,0.635,0.96,0.882,0.56,0.939,0.954,0.979,642.19,627.039,1.024,10,2,128.62,11,6,21,12,0,36,0.306,2,3,3,2,0,3,2,5,3,0.195,3.937,0.294,119.182,-0.108,2,0,0,0,0,1,0,0
-3.985,1.246,1.4,0.009,0.995,0.009,0.008,0.019,-5.453,9.71E-06,0.862,78.27,2.026,25.49,0.154,0.819,0.02,0.772,0.035,0.254,0.002,0.811,0.123,0.844,10.711,0.224,0.53,0.91,0.388,0.794,0.279,0.954,0.073,0.399,0.003,0.005,0.044,1.423,3.245,5.128,5.269,0.012,0.23,0.509,0.903,0.393,0.294,0.121,0.561,0.592,0.431,0.476,0.965,506.22,503.13,1.006,10,1,114.2,8,5,21,10,0,28,0.286,1,2,1,0,0,3,1,1,3,0.375,3.497,0.407,101.053,0.105,3,0,0,0,1,1,0,0
-4.014,1.319,1.264,0.005,0.992,0.01,0.123,0.028,-5.363,9.70E-06,0.799,82.59,2.026,18.84,0.108,0.375,0.04,0.7,0.087,0.394,0.001,0.694,0.203,0.8,8.545,0.14,0.679,0.946,0.376,0.812,0.549,0.948,0.071,0.288,0.003,0.005,0.045,1.368,2.987,4.614,5.135,0.01,0.268,0.452,0.856,0.509,0.55,0.216,0.599,0.768,0.483,0.356,0.956,504.2,494.573,1.019,10,1,114.2,5,6,21,10,0,34,0.147,1,1,1,0,0,2,1,1,3,0.413,3.397,0.407,117.895,0.161,3,0,0,0,1,1,0,0
-5.089,1.788,2.869,0.056,0.036,0.012,0.012,0.093,-6.461,2.14E-05,0.077,93.03,0.961,3.55,0.239,0.098,0.871,0.067,0.944,0.765,0.052,0.225,0.919,0.379,9.332,0.719,0.295,0.909,0.945,0.671,0.799,0.909,0.042,0.198,0.003,0.007,0.033,1.099,5.016,6.376,6.617,0.001,0.062,0.746,0.672,0.651,0.557,0.684,0.914,0.77,0.911,0.878,0.97,558.12,528.623,1.056,11,2,141.76,9,6,21,12,0,35,0.257,1,1,2,2,0,3,1,6,3,0.244,3.634,0.214,111.176,-0.07,2,0,0,0,0,1,0,0
-6.073,3.261,4.593,0.986,0.853,0.008,0.005,0.023,-6.038,1.97E-05,0.03,96.71,0.528,2.37,0.169,0.112,0.794,0.068,0.955,0.823,0.017,0.657,0.936,0.705,7.566,0.131,0.143,0.979,0.966,0.433,0.607,0.952,0.039,0.252,0.003,0.006,0.018,1.156,5.167,5.973,7.258,0,0.054,0.853,0.879,0.445,0.606,0.936,0.892,0.496,0.95,0.949,0.986,660.15,628.252,1.051,10,2,128.62,12,6,21,13,0,36,0.333,2,2,3,2,0,3,2,5,3,0.185,3.956,0.273,116.286,-0.239,3,0,0,0,1,1,0,0
-5.065,2.768,3.059,0.037,0.996,0.075,0.97,0.99,-5.71,9.19E-06,0.024,90.73,0.797,4.73,0.036,0.09,0.206,0.145,0.87,0.031,0.511,0.103,0.886,0.655,7.104,0.185,0.253,0.897,0.947,0.743,0.911,0.909,0.059,0.732,0.003,0.003,0.02,0.988,4.468,4.681,6,0.001,0.03,0.11,0.769,0.722,0.73,0.924,0.866,0.011,0.022,0.602,0.862,814.35,791.771,1.029,16,3,189.82,20,8,21,17,0,43,0.465,4,2,1,1,0,2,1,2,3,0.063,4.99,0.537,145,-0.292,2,0,0,0,0,1,0,0
-4.849,1.661,2.226,0.045,0.609,0.005,0.075,0.125,-5.15,2.04E-05,0.127,93.29,1.03,5.15,0.461,0.627,0.411,0.125,0.713,0.244,0.041,0.191,0.694,0.303,7.864,0.213,0.563,0.954,0.414,0.616,0.855,0.967,0.064,0.843,0.003,0.007,0.034,1.637,4.442,5.597,5.381,0.02,0.377,0.439,0.891,0.549,0.563,0.919,0.879,0.723,0.837,0.84,0.983,489.19,483.576,1.012,9,1,110.96,5,6,21,9,0,34,0.147,1,1,1,0,0,2,1,1,3,0.439,3.343,0.407,116.316,0.247,3,0,0,0,1,1,0,1
-6.191,3.231,4.397,0.91,0.01,0.561,0.175,0.921,-6.187,2.15E-05,0.053,95.7,0.526,3.15,0.319,0.151,0.851,0.08,0.959,0.835,0.039,0.66,0.96,0.757,6.783,0.162,0.117,0.98,0.967,0.531,0.587,0.942,0.047,0.317,0.003,0.007,0.052,1.157,5.175,6.22,6.708,0,0.046,0.905,0.852,0.621,0.722,0.967,0.952,0.88,0.974,0.971,0.994,648.12,608.738,1.065,10,2,128.62,12,6,21,13,0,35,0.343,2,1,2,2,0,3,1,6,3,0.187,4.044,0.29,113.4,-0.311,4,0,0,0,1,1,0,0
-4.887,1.722,2.704,0.09,0.966,0.009,0.37,0.334,-5.287,1.49E-05,0.099,94.27,1.106,5.15,0.469,0.908,0.404,0.12,0.826,0.201,0.049,0.195,0.7,0.396,6.828,0.128,0.493,0.971,0.367,0.647,0.926,0.964,0.075,0.616,0.003,0.006,0.039,1.316,4.586,5.306,5.344,0.008,0.296,0.374,0.932,0.59,0.761,0.912,0.832,0.628,0.859,0.895,0.983,503.21,500.872,1.005,9,1,110.96,6,6,21,9,0,33,0.182,1,1,1,0,0,2,1,2,3,0.417,3.419,0.429,117.25,0.289,3,0,0,0,1,1,0,0
-6.207,3.22,4.504,0.972,0.918,0.009,0.008,0.032,-6.157,1.55E-05,0.062,95.94,0.517,2.34,0.133,0.258,0.776,0.107,0.958,0.803,0.008,0.794,0.956,0.781,8.716,0.236,0.153,0.978,0.965,0.452,0.669,0.941,0.039,0.251,0.003,0.007,0.021,1.106,5.193,6.129,7.016,0.001,0.069,0.865,0.881,0.6,0.719,0.936,0.928,0.834,0.96,0.958,0.992,672.17,648.271,1.037,11,2,137.85,13,6,21,13,0,36,0.361,2,1,2,2,0,3,1,5,3,0.173,3.953,0.294,116.045,-0.076,5,0,0,0,0,1,0,0
-5.535,3.446,4.787,0.918,0.192,0.008,0.002,0.027,-5.856,2.49E-05,0.059,97.55,0.659,1.4,0.214,0.175,0.882,0.074,0.965,0.807,0.327,0.276,0.95,0.383,7.475,0.394,0.183,0.949,0.957,0.44,0.875,0.917,0.054,0.307,0.003,0.006,0.016,1.391,5.227,5.894,6.6,0.001,0.031,0.779,0.836,0.699,0.529,0.904,0.927,0.607,0.941,0.955,0.985,644.15,618.887,1.041,10,2,128.62,12,6,21,12,0,36,0.333,1,2,3,2,0,3,2,4,3,0.14,3.584,0.273,113.143,-0.093,2,0,0,0,1,1,0,0